Country Name,Country Code,Indicator Name,Indicator Code,2000,2001,2002,2003,2004,2005,2006,2007,2008,2009,2010,2011,2012,2013,2014,2015,2016,2017,2018,2019,2020
Africa Eastern and Southern,AFE,Access to clean fuels and technologies for cooking (% of population),EG.CFT.ACCS.ZS,11.5696259,11.9151389,12.25699353,12.60346912,12.9661065,13.374963,13.86376703,14.32471393,14.7241218,15.1727443,15.55100548,16.02716538,16.43399923,16.78904347,17.19698579,17.5971757,18.03424939,18.34587807,18.6953057,19.14994228,19.50183732
Afghanistan,AFG,Access to clean fuels and technologies for cooking (% of population),EG.CFT.ACCS.ZS,6.2,7.2,8.2,9.5,10.9,12.2,13.85,15.3,16.7,18.4,20,21.8,23,24.8,26.1,27.4,28.6,29.7,30.9,31.9,33.2
Africa Western and Central,AFW,Access to clean fuels and technologies for cooking (% of population),EG.CFT.ACCS.ZS,5.101080503,5.231629634,5.319238878,5.512478077,5.655605075,5.838552684,6.069622505,6.321292058,6.55694291,6.839213719,7.189301705,7.517141819,7.932300255,8.442624818,9.000525982,9.727055413,10.60724977,11.59103895,12.66175199,13.83506525,14.9038389
Angola,AGO,Access to clean fuels and technologies for cooking (% of population),EG.CFT.ACCS.ZS,41.1,41.7,41.7,42,41.9,42.6,42.9,43.5,43.6,43.8,44.3,44.8,45.2,45.8,46.5,47.2,47.8,48.4,49.1,49.5,50.2
Albania,ALB,Access to clean fuels and technologies for cooking (% of population),EG.CFT.ACCS.ZS,38.2,40.5,43.2,46.4,49,51.9,54.8,58.1,60.8,63.6,66.5,68.9,71.3,73.15,74.6,76.2,77.8,78.7,79.8,80.7,81.3
Andorra,AND,Access to clean fuels and technologies for cooking (% of population),EG.CFT.ACCS.ZS,100,100,100,100,100,100,100,100,100,100,100,100,100,100,100,100,100,100,100,100,100
Arab World,ARB,Access to clean fuels and technologies for cooking (% of population),EG.CFT.ACCS.ZS,75.63010339,76.99197605,78.23609261,79.46392416,80.46053101,81.44175268,82.38195481,83.19556631,83.85404866,84.51165743,85.02610979,85.57320929,86.04702056,86.31068711,86.55733539,86.74819196,86.92821739,87.07390083,87.12746024,87.28166263,87.29160517
United Arab Emirates,ARE,Access to clean fuels and technologies for cooking (% of population),EG.CFT.ACCS.ZS,100,100,100,100,100,100,100,100,100,100,100,100,100,100,100,100,100,100,100,100,100
Argentina,ARG,Access to clean fuels and technologies for cooking (% of population),EG.CFT.ACCS.ZS,95,95.6,96.1,96.45,97.2,97.5,98.1,98.3,98.6,98.9,99.1,99.3,99.5,99.6,99.7,99.7,99.8,99.8,99.8,99.9,99.9
Armenia,ARM,Access to clean fuels and technologies for cooking (% of population),EG.CFT.ACCS.ZS,79.5,82.2,84.9,87.7,89.9,91.6,92.9,94.2,95,95.7,96.4,96.8,97.2,97.5,97.6,97.8,97.9,98,98,98,98.1
American Samoa,ASM,Access to clean fuels and technologies for cooking (% of population),EG.CFT.ACCS.ZS,,,,,,,,,,,,,,,,,,,,,
Antigua and Barbuda,ATG,Access to clean fuels and technologies for cooking (% of population),EG.CFT.ACCS.ZS,100,100,100,100,100,100,100,100,100,100,100,100,100,100,100,100,100,100,100,100,100
Australia,AUS,Access to clean fuels and technologies for cooking (% of population),EG.CFT.ACCS.ZS,100,100,100,100,100,100,100,100,100,100,100,100,100,100,100,100,100,100,100,100,100
Austria,AUT,Access to clean fuels and technologies for cooking (% of population),EG.CFT.ACCS.ZS,100,100,100,100,100,100,100,100,100,100,100,100,100,100,100,100,100,100,100,100,100
Azerbaijan,AZE,Access to clean fuels and technologies for cooking (% of population),EG.CFT.ACCS.ZS,70.3,73.6,76.8,80.3,82.9,85.2,87.4,89.4,90.7,92.1,93.1,94,94.7,95.2,95.5,95.9,96.2,96.4,96.6,96.7,96.8
Burundi,BDI,Access to clean fuels and technologies for cooking (% of population),EG.CFT.ACCS.ZS,0.3,0.3,0.3,0.3,0.3,0.3,0.3,0.3,0.3,0.3,0.3,0.2,0.2,0.2,0.2,0.2,0.2,0.2,0.2,0.2,0.2
Belgium,BEL,Access to clean fuels and technologies for cooking (% of population),EG.CFT.ACCS.ZS,100,100,100,100,100,100,100,100,100,100,100,100,100,100,100,100,100,100,100,100,100
Benin,BEN,Access to clean fuels and technologies for cooking (% of population),EG.CFT.ACCS.ZS,0.6,0.8,1,1.3,1.7,2.1,2.5,2.9,3.4,3.7,4,4.1,4.3,4.3,4.3,4.3,4.3,4.2,4.2,4,4
Burkina Faso,BFA,Access to clean fuels and technologies for cooking (% of population),EG.CFT.ACCS.ZS,2.7,2.9,3.1,3.4,3.7,3.9,4.4,4.6,5.1,5.4,5.8,6.3,6.7,7.1,7.6,8.1,8.7,9,9.5,10.1,10.6
Bangladesh,BGD,Access to clean fuels and technologies for cooking (% of population),EG.CFT.ACCS.ZS,8.3,8.3,8.4,8.6,8.9,9.2,9.8,10.3,11,11.8,12.7,13.7,14.7,15.8,17.1,18.3,19.3,20.6,21.9,23.4,25
Bulgaria,BGR,Access to clean fuels and technologies for cooking (% of population),EG.CFT.ACCS.ZS,64.96,68.7,72.09,75.09,77.62,79.75,81.48,83,84.2,85.22,86.04,86.7,87.27,87.71,88.11,88.42,88.65,,,,
Bahrain,BHR,Access to clean fuels and technologies for cooking (% of population),EG.CFT.ACCS.ZS,100,100,100,100,100,100,100,100,100,100,100,100,100,100,100,100,100,100,100,100,100
"Bahamas, The",BHS,Access to clean fuels and technologies for cooking (% of population),EG.CFT.ACCS.ZS,100,100,100,100,100,100,100,100,100,100,100,100,100,100,100,100,100,100,100,100,100
Bosnia and Herzegovina,BIH,Access to clean fuels and technologies for cooking (% of population),EG.CFT.ACCS.ZS,52.1,51.45,50.9,50.8,49.3,48.9,47.9,47.1,46.7,45.8,45,44.7,44.2,44.2,44.05,43.9,45.2,43.6,44.7,45,45.2
Belarus,BLR,Access to clean fuels and technologies for cooking (% of population),EG.CFT.ACCS.ZS,94.7,95.2,95.8,96.4,96.9,97.1,97.5,97.9,98.15,98.5,98.7,98.8,99,99.1,99.2,99.3,99.4,99.4,99.5,99.5,99.6
Belize,BLZ,Access to clean fuels and technologies for cooking (% of population),EG.CFT.ACCS.ZS,79.9,80.6,81.5,81.9,82.6,82.9,83.2,83.3,83.5,83.4,83.6,83.4,83.3,83.3,83,82.9,82.8,82.6,82.4,82.1,82.1
Bermuda,BMU,Access to clean fuels and technologies for cooking (% of population),EG.CFT.ACCS.ZS,,,,,,,,,,,,,,,,,,,,,
Bolivia,BOL,Access to clean fuels and technologies for cooking (% of population),EG.CFT.ACCS.ZS,62.9,63.9,65,65.9,67.3,68.4,69.8,71.5,73.1,74.7,76.2,77.8,79.3,80.4,81.7,82.7,83.5,84.2,85,85.7,86.1
Brazil,BRA,Access to clean fuels and technologies for cooking (% of population),EG.CFT.ACCS.ZS,89,89.7,90.1,90.6,91.1,91.6,92.1,92.6,93.1,93.6,94,94.3,94.7,95,95.2,95.4,95.7,95.7,95.8,95.8,95.9
Barbados,BRB,Access to clean fuels and technologies for cooking (% of population),EG.CFT.ACCS.ZS,100,100,100,100,100,100,100,100,100,100,100,100,100,100,100,100,100,100,100,100,100
Brunei Darussalam,BRN,Access to clean fuels and technologies for cooking (% of population),EG.CFT.ACCS.ZS,100,100,100,100,100,100,100,100,100,100,100,100,100,100,100,100,100,100,100,100,100
Bhutan,BTN,Access to clean fuels and technologies for cooking (% of population),EG.CFT.ACCS.ZS,27.8,30.9,34.8,38.8,42.7,47.3,51.1,54.65,57.8,61.2,63.9,66.7,68.9,71.2,72.9,75,76,77.4,78.3,79.4,80.2
Botswana,BWA,Access to clean fuels and technologies for cooking (% of population),EG.CFT.ACCS.ZS,44.4,46.3,47.8,49.5,51.1,52.6,53.7,55.1,56.4,57.6,58.5,59.6,60.2,60.8,61.3,61.7,62.4,63,63.8,63.9,64.7
Central African Republic,CAF,Access to clean fuels and technologies for cooking (% of population),EG.CFT.ACCS.ZS,0.6,0.6,0.6,0.6,0.5,0.5,0.6,0.6,0.6,0.6,0.5,0.5,0.6,0.6,0.6,0.6,0.7,0.7,0.7,0.7,0.8
Canada,CAN,Access to clean fuels and technologies for cooking (% of population),EG.CFT.ACCS.ZS,100,100,100,100,100,100,100,100,100,100,100,100,100,100,100,100,100,100,100,100,100
Central Europe and the Baltics,CEB,Access to clean fuels and technologies for cooking (% of population),EG.CFT.ACCS.ZS,91.64843707,92.20326744,92.71331549,93.24640023,93.73570224,94.11433416,94.48135748,94.85898438,95.2540551,95.47132888,95.75384169,96.02541132,96.17179132,96.30667449,96.43851466,96.54673701,96.63203247,97.35852486,97.36985411,97.50299373,97.51210231
Switzerland,CHE,Access to clean fuels and technologies for cooking (% of population),EG.CFT.ACCS.ZS,100,100,100,100,100,100,100,100,100,100,100,100,100,100,100,100,100,100,100,100,100
Channel Islands,CHI,Access to clean fuels and technologies for cooking (% of population),EG.CFT.ACCS.ZS,,,,,,,,,,,,,,,,,,,,,
Chile,CHL,Access to clean fuels and technologies for cooking (% of population),EG.CFT.ACCS.ZS,100,100,100,100,100,100,100,100,100,100,100,100,100,100,100,100,100,100,100,100,100
China,CHN,Access to clean fuels and technologies for cooking (% of population),EG.CFT.ACCS.ZS,42,42.3,43.1,43.4,44.9,46.3,47.7,49.4,51.1,53.5,55.6,58,60.7,63.2,66,68.4,70.6,73.2,75.6,77.6,79.4
Cote d'Ivoire,CIV,Access to clean fuels and technologies for cooking (% of population),EG.CFT.ACCS.ZS,18.6,18.1,17.6,17.1,16.7,16.7,16.6,16.6,16.8,17.2,17.95,18.7,19.4,20.6,21.7,23.1,24.9,26.55,28.4,30.3,31.8
Cameroon,CMR,Access to clean fuels and technologies for cooking (% of population),EG.CFT.ACCS.ZS,9.8,10.7,11.7,12.7,13.7,14.7,15.9,16.8,17.7,18.55,19.4,20,20.8,21.4,21.7,22,22.2,22.2,22.1,22.2,21.9
"Congo, Dem. Rep.",COD,Access to clean fuels and technologies for cooking (% of population),EG.CFT.ACCS.ZS,1,1.2,1.4,1.6,1.9,2.1,2.4,2.7,2.9,3.1,3.2,3.5,3.5,3.7,3.8,3.7,3.7,3.8,3.6,3.75,3.7
"Congo, Rep.",COG,Access to clean fuels and technologies for cooking (% of population),EG.CFT.ACCS.ZS,9.3,9.6,9.9,10.5,11.1,11.6,12.6,13.4,14.5,15.8,17,18.5,20.05,21.8,23.5,25.4,27.4,29.5,31.05,32.6,34.9
Colombia,COL,Access to clean fuels and technologies for cooking (% of population),EG.CFT.ACCS.ZS,78.1,78.9,79.7,80.7,81.5,82.4,83,83.8,84.6,85.4,86.3,87,87.6,88.45,89.1,89.75,90.7,91.2,92,92.5,93.2
Comoros,COM,Access to clean fuels and technologies for cooking (% of population),EG.CFT.ACCS.ZS,0.6,0.7,0.8,1,1.2,1.4,1.7,2,2.4,2.8,3.2,3.7,4.2,4.8,5.3,5.7,6.3,6.8,7.3,7.8,8.4
Cabo Verde,CPV,Access to clean fuels and technologies for cooking (% of population),EG.CFT.ACCS.ZS,62.8,62.9,63.2,63.3,63.9,64.5,65.2,66.3,67.5,68.4,69.7,70.8,72,73.2,74.4,75.5,76.5,77.8,78.9,80.2,81
Costa Rica,CRI,Access to clean fuels and technologies for cooking (% of population),EG.CFT.ACCS.ZS,89,89.4,89.8,90.1,90.4,90.7,91.2,91.3,91.8,92.1,92.4,92.9,93.1,93.6,94,94.3,94.6,94.9,95.3,95.6,95.7
Caribbean small states,CSS,Access to clean fuels and technologies for cooking (% of population),EG.CFT.ACCS.ZS,79.85542748,81.0246486,82.08361965,83.09420968,84.06474487,85.08419547,85.78764313,86.52630567,87.16279657,87.72918989,88.14792715,88.65436143,88.96089551,89.23674737,89.46393106,89.52380285,89.62089326,89.6133252,89.58347903,89.58426744,89.46336639
Cuba,CUB,Access to clean fuels and technologies for cooking (% of population),EG.CFT.ACCS.ZS,71.4,74.5,77.2,79.8,81.8,83.8,85.4,87,88.1,89.1,90.2,91,91.5,92,92.7,92.65,93.2,93.4,93.5,93.6,93.8
Curacao,CUW,Access to clean fuels and technologies for cooking (% of population),EG.CFT.ACCS.ZS,,,,,,,,,,,,,,,,,,,,,
Cayman Islands,CYM,Access to clean fuels and technologies for cooking (% of population),EG.CFT.ACCS.ZS,,,,,,,,,,,,,,,,,,,,,
Cyprus,CYP,Access to clean fuels and technologies for cooking (% of population),EG.CFT.ACCS.ZS,100,100,100,100,100,100,100,100,100,100,100,100,100,100,100,100,100,100,100,100,100
Czechia,CZE,Access to clean fuels and technologies for cooking (% of population),EG.CFT.ACCS.ZS,100,100,100,100,100,100,100,100,100,100,100,100,100,100,100,100,100,100,100,100,100
Germany,DEU,Access to clean fuels and technologies for cooking (% of population),EG.CFT.ACCS.ZS,100,100,100,100,100,100,100,100,100,100,100,100,100,100,100,100,100,100,100,100,100
Djibouti,DJI,Access to clean fuels and technologies for cooking (% of population),EG.CFT.ACCS.ZS,4,4.1,4.2,4.3,4.5,4.8,5,5.3,5.7,6.1,6.5,6.8,7.2,7.8,8.1,8.4,8.75,9,9.3,9.5,9.65
Dominica,DMA,Access to clean fuels and technologies for cooking (% of population),EG.CFT.ACCS.ZS,81,82,82.8,83.6,84,85,85.5,86.3,87,87.4,87.8,88.3,88.4,88.7,88.9,89.3,89.3,89.3,89.1,89.3,88.9
Denmark,DNK,Access to clean fuels and technologies for cooking (% of population),EG.CFT.ACCS.ZS,100,100,100,100,100,100,100,100,100,100,100,100,100,100,100,100,100,100,100,100,100
Dominican Republic,DOM,Access to clean fuels and technologies for cooking (% of population),EG.CFT.ACCS.ZS,84.1,84.7,85.5,86.05,86.4,86.7,87,87.1,87.3,87.4,87.6,87.8,87.9,88.2,88.5,89,89.5,90,90.4,90.9,91.5
Algeria,DZA,Access to clean fuels and technologies for cooking (% of population),EG.CFT.ACCS.ZS,97.1,97.3,97.8,98,98.2,98.5,98.7,98.8,99,99.1,99.2,99.3,99.4,99.4,99.5,99.5,99.6,99.6,99.6,99.7,99.7
East Asia & Pacific (excluding high income),EAP,Access to clean fuels and technologies for cooking (% of population),EG.CFT.ACCS.ZS,35.55479354,36.10381393,37.04165265,37.65760667,39.19155002,40.72121033,42.40893571,44.33927596,46.44989039,49.07214596,51.50680397,54.08657014,56.81615111,59.34690041,62.08863143,64.40682107,66.62851111,69.05857452,71.34061314,73.29342254,75.05693607
Early-demographic dividend,EAR,Access to clean fuels and technologies for cooking (% of population),EG.CFT.ACCS.ZS,34.26316813,35.14376164,36.16261324,37.09994998,38.19728689,39.31056149,40.38615274,41.53686657,42.97028944,44.64079062,46.11535387,47.6770104,49.44145416,50.99772853,53.11169141,55.18953387,57.1933747,59.6583517,61.93066589,64.22809996,66.41489706
East Asia & Pacific,EAS,Access to clean fuels and technologies for cooking (% of population),EG.CFT.ACCS.ZS,41.97690232,42.44752339,43.26737754,43.79636782,45.15010328,46.50076298,48.00400584,49.73342698,51.63039128,53.9850952,56.16964384,58.48235136,60.92961485,63.199443,65.66532198,67.75088269,69.75184427,71.94135079,74.00125631,75.76555469,77.35701894
Europe & Central Asia (excluding high income),ECA,Access to clean fuels and technologies for cooking (% of population),EG.CFT.ACCS.ZS,88.87650147,89.45465029,89.91536947,90.39005245,90.8133626,91.19493619,91.45752689,91.71823581,91.86858371,91.96548522,92.00146935,91.9008384,91.84202501,91.68286495,91.5168639,91.22180401,90.97215795,90.75266609,90.40594895,89.96366971,89.44775174
Europe & Central Asia,ECS,Access to clean fuels and technologies for cooking (% of population),EG.CFT.ACCS.ZS,94.51216034,94.80130898,95.03935034,95.29112596,95.5183083,95.71642289,95.86411203,96.01334599,96.11758892,96.17520845,96.2138476,96.18720974,96.16988009,96.10896098,96.04387145,95.91999221,95.81420566,95.7674142,95.61780676,95.43769076,95.21374728
Ecuador,ECU,Access to clean fuels and technologies for cooking (% of population),EG.CFT.ACCS.ZS,87.8,88.75,89.8,90.6,91.1,91.7,92.3,92.7,93.05,93.3,93.6,93.9,94,94.1,94.3,94.4,94.4,94.4,94.5,94.45,94.3
"Egypt, Arab Rep.",EGY,Access to clean fuels and technologies for cooking (% of population),EG.CFT.ACCS.ZS,83.5,86.7,89.4,92,93.85,95.5,96.7,97.6,98.2,98.8,99.1,99.4,99.55,99.7,99.8,99.8,99.8,99.9,99.9,99.9,99.9
Euro area,EMU,Access to clean fuels and technologies for cooking (% of population),EG.CFT.ACCS.ZS,100,100,100,100,100,100,100,100,100,100,100,100,100,100,100,100,100,100,100,100,100
Eritrea,ERI,Access to clean fuels and technologies for cooking (% of population),EG.CFT.ACCS.ZS,3.5,3.9,4.4,4.9,5.4,5.8,6.4,6.8,7.4,7.7,8,8.3,8.6,8.9,8.9,9,9,9.2,9.1,9.2,9.3
Spain,ESP,Access to clean fuels and technologies for cooking (% of population),EG.CFT.ACCS.ZS,100,100,100,100,100,100,100,100,100,100,100,100,100,100,100,100,100,100,100,100,100
Estonia,EST,Access to clean fuels and technologies for cooking (% of population),EG.CFT.ACCS.ZS,100,100,100,100,100,100,100,100,100,100,100,100,100,100,100,100,100,100,100,100,100
Ethiopia,ETH,Access to clean fuels and technologies for cooking (% of population),EG.CFT.ACCS.ZS,0.9,0.9,1,1,1.1,1.1,1.3,1.4,1.6,1.9,2.1,2.5,2.9,3.2,3.7,4.3,4.9,5.45,6.2,7,7.8
European Union,EUU,Access to clean fuels and technologies for cooking (% of population),EG.CFT.ACCS.ZS,97.89047457,98.04750698,98.19126172,98.33478496,98.46543416,98.56720227,98.66430054,98.76448468,98.86714714,98.92363412,98.99583868,99.06062289,99.09862217,99.13434608,99.16907353,99.19792925,99.22139309,99.42456879,99.42902754,99.45895571,99.46237524
Fragile and conflict affected situations,FCS,Access to clean fuels and technologies for cooking (% of population),EG.CFT.ACCS.ZS,21.39415711,21.51804994,21.58847631,21.73453131,21.89260273,22.05377511,22.3459773,22.59132952,22.80538577,23.13852124,23.43508024,23.81208758,24.17744007,24.46533159,24.77277098,25.18180849,25.69473873,26.2570775,26.83512476,27.52538345,28.158575
Finland,FIN,Access to clean fuels and technologies for cooking (% of population),EG.CFT.ACCS.ZS,100,100,100,100,100,100,100,100,100,100,100,100,100,100,100,100,100,100,100,100,100
Fiji,FJI,Access to clean fuels and technologies for cooking (% of population),EG.CFT.ACCS.ZS,28.2,28.15,28.2,28.3,28.5,28.7,29.2,29.6,30.2,31,31.9,33.2,34.5,36.6,38.1,40.3,42.4,44.6,46.7,49.4,51.4
France,FRA,Access to clean fuels and technologies for cooking (% of population),EG.CFT.ACCS.ZS,100,100,100,100,100,100,100,100,100,100,100,100,100,100,100,100,100,100,100,100,100
Faroe Islands,FRO,Access to clean fuels and technologies for cooking (% of population),EG.CFT.ACCS.ZS,,,,,,,,,,,,,,,,,,,,,
"Micronesia, Fed. Sts.",FSM,Access to clean fuels and technologies for cooking (% of population),EG.CFT.ACCS.ZS,10.8,10.9,10.8,10.7,10.9,10.9,11.1,11.2,11.3,11.4,11.6,11.8,11.9,12,12.2,12.4,12.6,12.6,12.7,12.8,13
Gabon,GAB,Access to clean fuels and technologies for cooking (% of population),EG.CFT.ACCS.ZS,64.6,66.5,68,69.6,71.1,72.7,74.45,75.9,77.7,79,80.4,81.6,82.65,83.6,84.65,85.6,86.2,86.8,87.4,87.8,88.1
United Kingdom,GBR,Access to clean fuels and technologies for cooking (% of population),EG.CFT.ACCS.ZS,100,100,100,100,100,100,100,100,100,100,100,100,100,100,100,100,100,100,100,100,100
Georgia,GEO,Access to clean fuels and technologies for cooking (% of population),EG.CFT.ACCS.ZS,48.1,49.1,49.6,51.1,52.7,54.2,56.35,58.3,60.8,63,65.6,68.7,71.7,74.1,77,79.3,81.65,84,85.8,87.7,89.1
Ghana,GHA,Access to clean fuels and technologies for cooking (% of population),EG.CFT.ACCS.ZS,6.2,6.6,7.2,7.9,8.5,9.5,10.5,11.8,13,14.5,16,17.3,18.7,19.6,20.5,21.1,21.8,21.9,22.2,22.4,22.2
Gibraltar,GIB,Access to clean fuels and technologies for cooking (% of population),EG.CFT.ACCS.ZS,,,,,,,,,,,,,,,,,,,,,
Guinea,GIN,Access to clean fuels and technologies for cooking (% of population),EG.CFT.ACCS.ZS,0.7,0.7,0.7,0.7,0.7,0.7,0.7,0.7,0.7,0.7,0.7,0.8,0.8,0.8,0.9,1,1.1,1.2,1.4,1.6,1.9
"Gambia, The",GMB,Access to clean fuels and technologies for cooking (% of population),EG.CFT.ACCS.ZS,3.7,3.7,3.8,3.7,3.6,3.4,3.3,3.1,3,2.8,2.7,2.4,2.3,2.2,2.1,2,1.9,1.9,1.8,1.8,1.7
Guinea-Bissau,GNB,Access to clean fuels and technologies for cooking (% of population),EG.CFT.ACCS.ZS,1.4,1.3,1.3,1.2,1.2,1.2,1.2,1.1,1.1,1.1,1.1,1.1,1.1,1.1,1.1,1.1,1.1,1.1,1.2,1,1.1
Equatorial Guinea,GNQ,Access to clean fuels and technologies for cooking (% of population),EG.CFT.ACCS.ZS,19,19.5,19.4,19.6,20.1,20.8,21.3,21.7,22.1,22.5,22.7,23.35,24,23.6,23.9,24,23.9,24.2,24.1,24,24.5
Greece,GRC,Access to clean fuels and technologies for cooking (% of population),EG.CFT.ACCS.ZS,100,100,100,100,100,100,100,100,100,100,100,100,100,100,100,100,100,100,100,100,100
Grenada,GRD,Access to clean fuels and technologies for cooking (% of population),EG.CFT.ACCS.ZS,92.4,92.8,92.8,93.1,93.1,93.2,93.3,93.2,93.2,92.9,92.7,92.6,92.2,91.7,91.5,91.2,90.85,90.25,89.9,89.6,89.1
Greenland,GRL,Access to clean fuels and technologies for cooking (% of population),EG.CFT.ACCS.ZS,,,,,,,,,,,,,,,,,,,,,
Guatemala,GTM,Access to clean fuels and technologies for cooking (% of population),EG.CFT.ACCS.ZS,40.55,39.7,39,38.2,37.6,37.45,37.3,37.1,37.1,37.4,38.1,38.4,39.2,40.2,41.6,42.7,44.3,45.7,46.95,48.6,50.1
Guam,GUM,Access to clean fuels and technologies for cooking (% of population),EG.CFT.ACCS.ZS,,,,,,,,,,,,,,,,,,,,,
Guyana,GUY,Access to clean fuels and technologies for cooking (% of population),EG.CFT.ACCS.ZS,35.6,37.7,39.9,42.4,45,47.6,50.3,53,55.8,58.5,61,63.7,66.2,68.6,70.9,72.8,74.7,76.2,77.9,79.5,80.6
High income,HIC,Access to clean fuels and technologies for cooking (% of population),EG.CFT.ACCS.ZS,99.36297904,99.39691422,99.42757237,99.46422909,99.4983037,99.52488598,99.55228967,99.58385796,99.61779201,99.63494684,99.65942506,99.68247955,99.69372227,99.70464122,99.71674279,99.72516559,99.73303485,99.74556803,99.74633342,99.75751088,99.75895962
"Hong Kong SAR, China",HKG,Access to clean fuels and technologies for cooking (% of population),EG.CFT.ACCS.ZS,,,,,,,,,,,,,,,,,,,,,
Honduras,HND,Access to clean fuels and technologies for cooking (% of population),EG.CFT.ACCS.ZS,30.7,32.2,33.8,35,36.3,37.4,38.7,39.8,40.8,41.5,42.5,43.2,43.8,44.5,45.1,45.9,46.5,47.1,47.2,48.1,48.3
Heavily indebted poor countries (HIPC),HPC,Access to clean fuels and technologies for cooking (% of population),EG.CFT.ACCS.ZS,5.905306951,6.193930525,6.488395378,6.808208523,7.150970519,7.496513053,7.970533191,8.373302716,8.765753762,9.222352378,9.643050594,10.12168776,10.54618917,10.93096022,11.33312237,11.71866573,12.14902638,12.47763311,12.81435369,13.24763112,13.55435367
Croatia,HRV,Access to clean fuels and technologies for cooking (% of population),EG.CFT.ACCS.ZS,100,100,100,100,100,100,100,100,100,100,100,100,100,100,100,100,100,100,100,100,100
Haiti,HTI,Access to clean fuels and technologies for cooking (% of population),EG.CFT.ACCS.ZS,2.6,2.7,2.9,3,3.05,3.1,3.3,3.4,3.4,3.6,3.6,3.7,3.7,3.7,3.8,4,4,4.1,4.3,4.4,4.5
Hungary,HUN,Access to clean fuels and technologies for cooking (% of population),EG.CFT.ACCS.ZS,100,100,100,100,100,100,100,100,100,100,100,100,100,100,100,100,100,100,100,100,100
IBRD only,IBD,Access to clean fuels and technologies for cooking (% of population),EG.CFT.ACCS.ZS,47.38897933,48.12312694,49.06831376,49.83147165,51.05433502,52.24252806,53.3567121,54.61445145,56.04739733,57.84497248,59.37416209,61.06556977,62.9793873,64.6982724,66.83686649,68.82813027,70.72607227,73.00323137,75.11357584,77.09789927,78.97023337
IDA & IBRD total,IBT,Access to clean fuels and technologies for cooking (% of population),EG.CFT.ACCS.ZS,39.81343724,40.37654891,41.11250384,41.70964508,42.66300949,43.59702031,44.50381441,45.51044511,46.64633185,48.05842973,49.28373594,50.6177409,52.11521875,53.46066279,55.13334336,56.686678,58.17741106,59.94410264,61.59534877,63.1705442,64.62530186
IDA total,IDA,Access to clean fuels and technologies for cooking (% of population),EG.CFT.ACCS.ZS,12.16291061,12.47290583,12.84752593,13.24680934,13.64051784,14.08542308,14.69231696,15.27456208,15.83569038,16.40685183,17.1029334,17.74322651,18.34018629,18.90531084,19.53050208,20.15993337,20.87436533,21.67106419,22.51365732,23.48945359,24.39123008
IDA blend,IDB,Access to clean fuels and technologies for cooking (% of population),EG.CFT.ACCS.ZS,17.78256048,18.10404885,18.58480275,19.07203082,19.4514749,19.94757564,20.59190456,21.19286559,21.80965365,22.35880815,23.28307727,23.93939689,24.66774172,25.48274497,26.3427862,27.22264106,28.26673911,29.54770522,30.89931537,32.40885478,33.85813936
Indonesia,IDN,Access to clean fuels and technologies for cooking (% of population),EG.CFT.ACCS.ZS,6.1,6.9,8,9.3,11.3,14.1,17.9,22.5,28.5,34.7,41.3,47.3,52.9,58,62.8,67.1,71.2,75.1,78.7,81.85,84.5
IDA only,IDX,Access to clean fuels and technologies for cooking (% of population),EG.CFT.ACCS.ZS,9.276570107,9.570638362,9.891941721,10.25142697,10.65381348,11.07414379,11.66416199,12.2367057,12.76561916,13.34276368,13.91475696,14.54325863,15.07442055,15.51360668,16.02239775,16.5319768,17.09203438,17.65636122,18.25303412,18.97259319,19.61103197
Isle of Man,IMN,Access to clean fuels and technologies for cooking (% of population),EG.CFT.ACCS.ZS,,,,,,,,,,,,,,,,,,,,,
India,IND,Access to clean fuels and technologies for cooking (% of population),EG.CFT.ACCS.ZS,22.3,23.4,24.7,25.9,27.3,28.6,29.5,30.55,32,34,35.4,37.2,39.6,41.6,44.8,48.2,51.4,55.8,59.8,63.9,67.9
Not classified,INX,Access to clean fuels and technologies for cooking (% of population),EG.CFT.ACCS.ZS,,,,,,,,,,,,,,,,,,,,,
Ireland,IRL,Access to clean fuels and technologies for cooking (% of population),EG.CFT.ACCS.ZS,100,100,100,100,100,100,100,100,100,100,100,100,100,100,100,100,100,100,100,100,100
"Iran, Islamic Rep.",IRN,Access to clean fuels and technologies for cooking (% of population),EG.CFT.ACCS.ZS,93.2,93.6,94.3,94.6,95.1,95.3,95.8,96,96.1,96.4,96.5,96.8,96.7,96.6,96.7,96.6,96.7,96.7,96.5,96.4,96.1
Iraq,IRQ,Access to clean fuels and technologies for cooking (% of population),EG.CFT.ACCS.ZS,74.1,77,79.4,82.2,84.9,87,89.1,90.9,92.6,93.9,95,96.05,96.7,97.3,97.7,98.1,98.3,98.7,98.8,98.9,99
Iceland,ISL,Access to clean fuels and technologies for cooking (% of population),EG.CFT.ACCS.ZS,100,100,100,100,100,100,100,100,100,100,100,100,100,100,100,100,100,100,100,100,100
Israel,ISR,Access to clean fuels and technologies for cooking (% of population),EG.CFT.ACCS.ZS,100,100,100,100,100,100,100,100,100,100,100,100,100,100,100,100,100,100,100,100,100
Italy,ITA,Access to clean fuels and technologies for cooking (% of population),EG.CFT.ACCS.ZS,100,100,100,100,100,100,100,100,100,100,100,100,100,100,100,100,100,100,100,100,100
Jamaica,JAM,Access to clean fuels and technologies for cooking (% of population),EG.CFT.ACCS.ZS,75.7,77.6,79.2,80.6,81.9,83.4,84.1,84.85,85.4,85.8,85.9,86.2,86.1,86,85.85,85.4,85,84.5,83.9,83.4,82.7
Jordan,JOR,Access to clean fuels and technologies for cooking (% of population),EG.CFT.ACCS.ZS,99.6,99.7,99.8,99.8,99.8,99.8,99.9,99.9,99.9,99.9,99.9,99.9,99.9,99.9,99.9,99.9,99.9,99.9,99.9,99.9,99.9
Japan,JPN,Access to clean fuels and technologies for cooking (% of population),EG.CFT.ACCS.ZS,100,100,100,100,100,100,100,100,100,100,100,100,100,100,100,100,100,100,100,100,100
Kazakhstan,KAZ,Access to clean fuels and technologies for cooking (% of population),EG.CFT.ACCS.ZS,84.4,85.7,86.5,87.4,87.8,88.7,89.3,89.9,90.55,91.2,91.7,92.3,92.4,92.6,92.9,93.3,93.1,93.1,92.9,92.8,92.7
Kenya,KEN,Access to clean fuels and technologies for cooking (% of population),EG.CFT.ACCS.ZS,1.8,2.2,2.6,3.1,3.6,4.2,4.8,5.3,6,6.6,7.2,8,8.7,9.6,10.6,11.6,13,14.4,16,17.7,19.5
Kyrgyz Republic,KGZ,Access to clean fuels and technologies for cooking (% of population),EG.CFT.ACCS.ZS,52.7,55,56.4,58.2,60.5,62.4,64.3,66.4,68.2,70,71.55,73.3,74.7,75.4,76,76.3,76.6,76.6,76.9,76.6,76.6
Cambodia,KHM,Access to clean fuels and technologies for cooking (% of population),EG.CFT.ACCS.ZS,3.6,4.1,4.7,5.3,5.9,6.7,7.6,8.4,9.4,10.5,11.7,13.1,14.5,16.2,18,20.3,22.7,25.5,28.9,32.6,36.8
Kiribati,KIR,Access to clean fuels and technologies for cooking (% of population),EG.CFT.ACCS.ZS,1.6,1.7,1.7,1.8,1.9,2,2.1,2.3,2.6,2.9,3.2,3.6,4.1,4.5,5.2,5.7,6.5,7.2,8.2,9.1,9.9
St. Kitts and Nevis,KNA,Access to clean fuels and technologies for cooking (% of population),EG.CFT.ACCS.ZS,100,100,100,100,100,100,100,100,100,100,100,100,100,100,100,100,100,100,100,100,100
"Korea, Rep.",KOR,Access to clean fuels and technologies for cooking (% of population),EG.CFT.ACCS.ZS,100,100,100,100,100,100,100,100,100,100,100,100,100,100,100,100,100,100,100,100,100
Kuwait,KWT,Access to clean fuels and technologies for cooking (% of population),EG.CFT.ACCS.ZS,100,100,100,100,100,100,100,100,100,100,100,100,100,100,100,100,100,100,100,100,100
Latin America & Caribbean (excluding high income),LAC,Access to clean fuels and technologies for cooking (% of population),EG.CFT.ACCS.ZS,78.38486059,79.21534443,80.01583503,80.69536366,81.3476031,81.9873262,82.52900378,83.06146923,83.57635632,84.015257,84.46109919,84.83573856,85.21944062,85.62800918,85.99890672,86.33669537,86.78418693,87.0177972,87.30502386,87.57785214,87.85063388
Lao PDR,LAO,Access to clean fuels and technologies for cooking (% of population),EG.CFT.ACCS.ZS,1.3,1.4,1.5,1.7,1.8,2.1,2.3,2.6,2.9,3.3,3.5,4.1,4.4,4.8,5.2,5.7,6.2,6.7,7.2,7.7,8.5
Lebanon,LBN,Access to clean fuels and technologies for cooking (% of population),EG.CFT.ACCS.ZS,,,,,,,,,,,,,,,,,,,,,
Liberia,LBR,Access to clean fuels and technologies for cooking (% of population),EG.CFT.ACCS.ZS,0.7,0.6,0.6,0.6,0.5,0.5,0.5,0.4,0.4,0.4,0.4,0.4,0.4,0.3,0.4,0.4,0.4,0.4,0.4,0.4,0.4
Libya,LBY,Access to clean fuels and technologies for cooking (% of population),EG.CFT.ACCS.ZS,,,,,,,,,,,,,,,,,,,,,
St. Lucia,LCA,Access to clean fuels and technologies for cooking (% of population),EG.CFT.ACCS.ZS,86.2,87.7,89.1,90.4,91.4,92.3,93.2,93.9,94.4,94.9,95.2,95.4,95.4,95.5,95.5,95.3,95.2,95,94.8,94.4,94.3
Latin America & Caribbean,LCN,Access to clean fuels and technologies for cooking (% of population),EG.CFT.ACCS.ZS,80.13865741,80.89658451,81.62640561,82.23850838,82.82810002,83.41718541,83.91096283,84.39405294,84.86922232,85.27060019,85.68341746,86.02554776,86.3781988,86.74858029,87.09738386,87.39746214,87.79753197,88.00431749,88.26167754,88.4839742,88.72316603
Least developed countries: UN classification,LDC,Access to clean fuels and technologies for cooking (% of population),EG.CFT.ACCS.ZS,6.665206888,6.931790828,7.211482448,7.549345608,7.907509552,8.295809007,8.821829672,9.289512092,9.760164424,10.32774712,10.87312761,11.50634426,12.08062799,12.66007035,13.33805199,13.96429546,14.57281893,15.18530454,15.80540359,16.50787317,17.1802189
Low income,LIC,Access to clean fuels and technologies for cooking (% of population),EG.CFT.ACCS.ZS,4.030166796,4.262881188,4.507664899,4.771354765,5.038027317,5.309002458,5.715228529,6.034932825,6.327617871,6.713273164,7.022586819,7.41679647,7.759979712,8.071177162,8.434338039,8.758202153,9.153085131,9.47534049,9.812144843,10.23018328,10.58302879
Liechtenstein,LIE,Access to clean fuels and technologies for cooking (% of population),EG.CFT.ACCS.ZS,,,,,,,,,,,,,,,,,,,,,
Sri Lanka,LKA,Access to clean fuels and technologies for cooking (% of population),EG.CFT.ACCS.ZS,16.9,17.5,17.9,18.5,18.7,19.5,19.8,20.3,20.9,21.3,21.7,22.3,23,24,24.8,25.75,26.9,28.2,29.4,30.6,32.2
Lower middle income,LMC,Access to clean fuels and technologies for cooking (% of population),EG.CFT.ACCS.ZS,26.01239736,26.89331955,27.88431102,28.86319069,29.97861652,31.11103511,32.20617529,33.37825247,34.83483402,36.54694018,38.07031596,39.68636449,41.50574671,43.13235677,45.30053703,47.43958843,49.51777066,52.10077644,54.49489069,56.9205463,59.23155327
Low & middle income,LMY,Access to clean fuels and technologies for cooking (% of population),EG.CFT.ACCS.ZS,38.50279438,39.09164814,39.85519454,40.47334714,41.45078977,42.40957042,43.33936019,44.37234675,45.53318612,46.97609127,48.22865863,49.5893918,51.11784618,52.49128519,54.19664382,55.77910542,57.30094116,59.10002378,60.78682569,62.39500759,63.88046526
Lesotho,LSO,Access to clean fuels and technologies for cooking (% of population),EG.CFT.ACCS.ZS,16,17.5,19.2,20.8,22.2,23.9,25.5,26.9,28.4,29.9,31.2,32.5,33.8,34.95,35.8,36.5,37.4,38.1,38.7,39.3,40.1
Late-demographic dividend,LTE,Access to clean fuels and technologies for cooking (% of population),EG.CFT.ACCS.ZS,54.59144331,55.10112708,55.91516872,56.44423108,57.69340835,58.88667335,60.07101906,61.45654662,62.81778329,64.58084985,66.11412744,67.7941635,69.64132929,71.34643258,73.20028485,74.75697474,76.22097973,77.88611395,79.41973419,80.68361155,81.81506447
Lithuania,LTU,Access to clean fuels and technologies for cooking (% of population),EG.CFT.ACCS.ZS,100,100,100,100,100,100,100,100,100,100,100,100,100,100,100,100,100,100,100,100,100
Luxembourg,LUX,Access to clean fuels and technologies for cooking (% of population),EG.CFT.ACCS.ZS,100,100,100,100,100,100,100,100,100,100,100,100,100,100,100,100,100,100,100,100,100
Latvia,LVA,Access to clean fuels and technologies for cooking (% of population),EG.CFT.ACCS.ZS,100,100,100,100,100,100,100,100,100,100,100,100,100,100,100,100,100,100,100,100,100
"Macao SAR, China",MAC,Access to clean fuels and technologies for cooking (% of population),EG.CFT.ACCS.ZS,,,,,,,,,,,,,,,,,,,,,
St. Martin (French part),MAF,Access to clean fuels and technologies for cooking (% of population),EG.CFT.ACCS.ZS,,,,,,,,,,,,,,,,,,,,,
Morocco,MAR,Access to clean fuels and technologies for cooking (% of population),EG.CFT.ACCS.ZS,90.6,91.3,92,92.7,93.2,94,94.35,95,95.6,96,96.5,96.7,97.1,97.3,97.4,97.7,97.8,97.9,97.9,98,98.1
Monaco,MCO,Access to clean fuels and technologies for cooking (% of population),EG.CFT.ACCS.ZS,100,100,100,100,100,100,100,100,100,100,100,100,100,100,100,100,100,100,100,100,100
Moldova,MDA,Access to clean fuels and technologies for cooking (% of population),EG.CFT.ACCS.ZS,64.3,68,71.7,75.1,78.6,81.35,84,86.3,88.3,89.8,91.1,92.3,93.3,93.8,94.4,94.7,95.2,95.4,95.6,95.8,95.8
Madagascar,MDG,Access to clean fuels and technologies for cooking (% of population),EG.CFT.ACCS.ZS,1.3,1.3,1.3,1.2,1.2,1.1,1.1,1.1,1,1,0.9,0.9,0.9,0.9,0.9,0.9,0.9,0.9,0.9,0.9,1
Maldives,MDV,Access to clean fuels and technologies for cooking (% of population),EG.CFT.ACCS.ZS,53.1,58.6,63.7,68.9,74,78.7,82.9,86.15,89,91.25,93.3,94.8,95.9,96.6,97.3,97.9,98.3,98.6,98.8,99,99.2
Middle East & North Africa,MEA,Access to clean fuels and technologies for cooking (% of population),EG.CFT.ACCS.ZS,88.3437102,89.51687711,90.64427166,91.63879375,92.4815897,93.21642876,93.87266539,94.40057844,94.7927463,95.16400611,95.39458506,95.62886219,95.72548548,95.80307434,95.90671443,95.951507,95.99065019,96.05391958,96.00547056,95.99020135,95.92558012
Mexico,MEX,Access to clean fuels and technologies for cooking (% of population),EG.CFT.ACCS.ZS,82.4,83.1,84.1,84.6,84.9,85.3,85.3,85.4,85.4,85.2,85,84.85,84.6,84.6,84.6,84.6,84.8,84.8,84.8,84.9,84.9
Marshall Islands,MHL,Access to clean fuels and technologies for cooking (% of population),EG.CFT.ACCS.ZS,16.3,19,21.4,24.4,28.15,32,36.7,41.1,45.6,49.5,52.9,55.4,58,59.35,60.7,61.9,62.5,63,63.4,63.9,63.9
Middle income,MIC,Access to clean fuels and technologies for cooking (% of population),EG.CFT.ACCS.ZS,41.09776336,41.75065401,42.60362846,43.30175564,44.38887763,45.45738505,46.48354006,47.62462434,48.91922261,50.52630277,51.9320033,53.45426169,55.17485175,56.7400437,58.67393396,60.4751109,62.20577799,64.26321494,66.19545673,68.03975763,69.76594293
North Macedonia,MKD,Access to clean fuels and technologies for cooking (% of population),EG.CFT.ACCS.ZS,57.55,58.4,59.1,60.55,61.3,62.4,63.1,64.7,65.8,66.7,68.1,68.9,69.8,71,72.3,73.1,74.2,75.45,76.8,77.3,78.1
Mali,MLI,Access to clean fuels and technologies for cooking (% of population),EG.CFT.ACCS.ZS,0.7,0.8,0.8,0.8,0.8,0.8,0.9,0.9,0.9,0.9,0.9,0.9,0.8,0.9,0.9,0.9,0.9,0.9,0.9,0.9,0.9
Malta,MLT,Access to clean fuels and technologies for cooking (% of population),EG.CFT.ACCS.ZS,100,100,100,100,100,100,100,100,100,100,100,100,100,100,100,100,100,100,100,100,100
Myanmar,MMR,Access to clean fuels and technologies for cooking (% of population),EG.CFT.ACCS.ZS,2.9,3.1,3.3,3.6,4.1,4.6,5.4,6.2,7.05,8.4,9.8,11.5,13.4,15.1,17.5,19.6,21.8,24,26.4,28.9,31.25
Middle East & North Africa (excluding high income),MNA,Access to clean fuels and technologies for cooking (% of population),EG.CFT.ACCS.ZS,86.74926137,88.07255483,89.34537435,90.46978719,91.42498645,92.24913669,92.97234933,93.54633494,93.96771805,94.37236597,94.62686151,94.89381496,95.0004225,95.08484691,95.20285471,95.25259273,95.29514311,95.36639228,95.30687764,95.2884522,95.22199425
Montenegro,MNE,Access to clean fuels and technologies for cooking (% of population),EG.CFT.ACCS.ZS,67.35,67.4,67.3,66.9,66.6,66.3,65.2,64.8,64.2,63.3,63,62.6,61.9,61.7,61.45,61.4,61.5,61.7,61.8,62,62.4
Mongolia,MNG,Access to clean fuels and technologies for cooking (% of population),EG.CFT.ACCS.ZS,22.8,23.1,23.6,24.3,25.3,26,27.6,28.8,30.8,33,35.2,37,38.6,40.8,42.6,44.15,45.6,47.2,48.7,50.1,51.8
Northern Mariana Islands,MNP,Access to clean fuels and technologies for cooking (% of population),EG.CFT.ACCS.ZS,,,,,,,,,,,,,,,,,,,,,
Mozambique,MOZ,Access to clean fuels and technologies for cooking (% of population),EG.CFT.ACCS.ZS,2.3,2.3,2.3,2.4,2.4,2.5,2.5,2.7,2.7,2.9,3.1,3.1,3.4,3.5,3.7,3.9,4.2,4.35,4.6,4.8,5.1
Mauritania,MRT,Access to clean fuels and technologies for cooking (% of population),EG.CFT.ACCS.ZS,29.6,31.4,33.2,34.5,36.1,37.7,38.7,39.8,40.9,41.3,41.8,42.6,42.7,43,43.1,43.1,43.3,43.2,43.3,43,42.6
Mauritius,MUS,Access to clean fuels and technologies for cooking (% of population),EG.CFT.ACCS.ZS,93.6,94.1,94.7,95.05,95.5,95.8,96.1,96.3,96.5,96.7,96.8,96.9,97.1,97.1,97.25,97.2,97.1,97.1,97,96.9,96.8
Malawi,MWI,Access to clean fuels and technologies for cooking (% of population),EG.CFT.ACCS.ZS,2.1,2.1,2.1,2.1,2.1,2.2,2.3,2.3,2.4,2.45,2.5,2.5,2.4,2.3,2.2,2,1.8,1.6,1.3,1.2,1
Malaysia,MYS,Access to clean fuels and technologies for cooking (% of population),EG.CFT.ACCS.ZS,98,98,98.1,98.2,98.1,98.1,98.1,98,98,97.7,97.7,97.6,97.4,97.2,97.1,96.8,96.6,96.5,96.1,95.8,95.5
North America,NAC,Access to clean fuels and technologies for cooking (% of population),EG.CFT.ACCS.ZS,100,100,100,100,100,100,100,100,100,100,100,100,100,100,100,100,100,100,100,100,100
Namibia,NAM,Access to clean fuels and technologies for cooking (% of population),EG.CFT.ACCS.ZS,33.7,34,35,35.9,36.4,37.3,37.9,38.6,39.5,40.1,40.9,41.5,42.2,43,43.6,44.3,45.2,45.6,46,46.5,46.8
New Caledonia,NCL,Access to clean fuels and technologies for cooking (% of population),EG.CFT.ACCS.ZS,,,,,,,,,,,,,,,,,,,,,
Niger,NER,Access to clean fuels and technologies for cooking (% of population),EG.CFT.ACCS.ZS,0.9,1,1,1,1,1,1,1.1,1.1,1.1,1.3,1.3,1.4,1.5,1.6,1.7,1.8,1.9,2.1,2.3,2.4
Nigeria,NGA,Access to clean fuels and technologies for cooking (% of population),EG.CFT.ACCS.ZS,1,1,0.9,1,1,1,1.1,1.3,1.4,1.6,1.9,2.2,2.7,3.4,4.2,5.4,6.85,8.7,10.7,12.9,15
Nicaragua,NIC,Access to clean fuels and technologies for cooking (% of population),EG.CFT.ACCS.ZS,33.9,35,36,37,38.2,39.1,40.2,41.2,42.5,43.4,44.7,46,47.2,48.2,49.3,50.5,51.7,52.85,53.8,55.1,56.2
Netherlands,NLD,Access to clean fuels and technologies for cooking (% of population),EG.CFT.ACCS.ZS,100,100,100,100,100,100,100,100,100,100,100,100,100,100,100,100,100,100,100,100,100
Norway,NOR,Access to clean fuels and technologies for cooking (% of population),EG.CFT.ACCS.ZS,100,100,100,100,100,100,100,100,100,100,100,100,100,100,100,100,100,100,100,100,100
Nepal,NPL,Access to clean fuels and technologies for cooking (% of population),EG.CFT.ACCS.ZS,5.7,6.9,8.3,9.9,11.4,13.1,14.7,16.5,18.1,19.8,21.6,23.2,24.6,26.1,27.6,29,30.2,31.4,32.3,33.6,34.8
Nauru,NRU,Access to clean fuels and technologies for cooking (% of population),EG.CFT.ACCS.ZS,100,100,100,100,100,100,100,100,100,100,100,100,100,100,100,100,100,100,100,100,100
New Zealand,NZL,Access to clean fuels and technologies for cooking (% of population),EG.CFT.ACCS.ZS,100,100,100,100,100,100,100,100,100,100,100,100,100,100,100,100,100,100,100,100,100
OECD members,OED,Access to clean fuels and technologies for cooking (% of population),EG.CFT.ACCS.ZS,97.28384021,97.38516928,97.50331505,97.58332333,97.65236232,97.72940685,97.75463052,97.79584595,97.83146893,97.84269219,97.86086319,97.86179616,97.85767538,97.88684112,97.90410668,97.92198353,97.9756455,97.98898227,98.00890778,98.02756379,98.04794833
Oman,OMN,Access to clean fuels and technologies for cooking (% of population),EG.CFT.ACCS.ZS,100,100,100,100,100,100,100,100,100,100,100,100,100,100,100,100,100,100,100,100,100
Other small states,OSS,Access to clean fuels and technologies for cooking (% of population),EG.CFT.ACCS.ZS,46.43494887,47.03080612,47.66455247,48.32919966,49.01474412,49.84035966,50.77337879,51.75627347,52.72861525,53.49561088,54.06002606,54.49330109,54.91925217,55.37413275,55.92004067,56.43865139,56.92334017,57.28234388,57.5363767,57.65092524,57.68686763
Pakistan,PAK,Access to clean fuels and technologies for cooking (% of population),EG.CFT.ACCS.ZS,23.7,24.4,25.6,26.7,27.65,28.8,30.2,31.5,32.8,33.9,35.7,36.9,38.2,39.6,41,42.1,43.3,44.8,46.3,47.8,49.3
Panama,PAN,Access to clean fuels and technologies for cooking (% of population),EG.CFT.ACCS.ZS,80,80.9,81.6,82.5,83,83.7,84.1,84.9,85.4,85.9,86.4,86.9,87,87.1,87.6,87.5,87.7,87.9,87.6,87.6,87.6
Peru,PER,Access to clean fuels and technologies for cooking (% of population),EG.CFT.ACCS.ZS,43.1,45.7,48.7,51.2,53.8,56.2,58.3,60.3,62.3,63.8,65.9,67.5,69.7,71.7,73.7,75.8,77.7,79.6,81.5,83.25,85.1
Philippines,PHL,Access to clean fuels and technologies for cooking (% of population),EG.CFT.ACCS.ZS,37.9,39.15,39.6,40.1,40.9,40.9,41.4,40.9,40.8,40.9,40.7,40.6,40.7,40.9,42,42.2,43.3,44.1,45.4,46.5,48
Palau,PLW,Access to clean fuels and technologies for cooking (% of population),EG.CFT.ACCS.ZS,100,100,100,100,100,100,100,100,100,100,100,100,100,100,100,100,100,100,100,100,100
Papua New Guinea,PNG,Access to clean fuels and technologies for cooking (% of population),EG.CFT.ACCS.ZS,5.6,5.7,5.9,6.1,6.1,6.5,6.7,6.9,7.1,7.4,7.7,7.8,8.2,8.2,8.5,8.7,8.85,8.8,9,9.1,9.4
Poland,POL,Access to clean fuels and technologies for cooking (% of population),EG.CFT.ACCS.ZS,100,100,100,100,100,100,100,100,100,100,100,100,100,100,100,100,100,100,100,100,100
Pre-demographic dividend,PRE,Access to clean fuels and technologies for cooking (% of population),EG.CFT.ACCS.ZS,7.858928984,8.246023376,8.550409248,8.968592934,9.349677593,9.744823999,10.14755868,10.45107281,10.80351245,11.25218297,11.6890391,12.17964829,12.6828798,13.25226386,13.79440449,14.38079422,15.06175943,15.77780341,16.50308054,17.3262476,18.05904242
Puerto Rico,PRI,Access to clean fuels and technologies for cooking (% of population),EG.CFT.ACCS.ZS,,,,,,,,,,,,,,,,,,,,,
"Korea, Dem. People's Rep.",PRK,Access to clean fuels and technologies for cooking (% of population),EG.CFT.ACCS.ZS,2.4,2.5,2.8,3,3.2,3.6,3.9,4.4,4.8,5.3,5.9,6.3,6.9,7.3,8.1,8.35,9,9.5,10.3,10.8,11.5
Portugal,PRT,Access to clean fuels and technologies for cooking (% of population),EG.CFT.ACCS.ZS,100,100,100,100,100,100,100,100,100,100,100,100,100,100,100,100,100,100,100,100,100
Paraguay,PRY,Access to clean fuels and technologies for cooking (% of population),EG.CFT.ACCS.ZS,49.2,48.9,48.6,48.4,48.6,49.1,50.3,51.7,53.7,55.6,57.45,59.7,61.3,63.1,64.3,65.4,66.2,66.8,67.4,68,68.6
West Bank and Gaza,PSE,Access to clean fuels and technologies for cooking (% of population),EG.CFT.ACCS.ZS,,,,,,,,,,,,,,,,,,,,,
Pacific island small states,PSS,Access to clean fuels and technologies for cooking (% of population),EG.CFT.ACCS.ZS,21.01293199,21.1861519,21.33824411,21.58444733,21.88790077,22.12227336,22.55994112,22.87339064,23.31534435,23.76751206,24.21111362,24.81455022,25.39474832,26.24340294,26.89307211,27.74356764,28.57954479,29.37672408,30.25536721,31.26804643,31.93007711
Post-demographic dividend,PST,Access to clean fuels and technologies for cooking (% of population),EG.CFT.ACCS.ZS,98.74951231,98.84602559,98.93305782,99.01816829,99.07724074,99.13888671,99.19592352,99.24765417,99.28303807,99.31810976,99.34677882,99.37909358,99.399627,99.41937009,99.43616548,99.4481113,99.46621604,99.53886092,99.55297393,99.5553071,99.56389758
French Polynesia,PYF,Access to clean fuels and technologies for cooking (% of population),EG.CFT.ACCS.ZS,,,,,,,,,,,,,,,,,,,,,
Qatar,QAT,Access to clean fuels and technologies for cooking (% of population),EG.CFT.ACCS.ZS,100,100,100,100,100,100,100,100,100,100,100,100,100,100,100,100,100,100,100,100,100
Romania,ROU,Access to clean fuels and technologies for cooking (% of population),EG.CFT.ACCS.ZS,72.4,73.4,74.2,75.6,77,78,79.1,80.2,81.5,82.1,83.2,84.3,84.8,85.3,85.8,86.2,86.5,87.1,87.1,87.7,87.7
Russian Federation,RUS,Access to clean fuels and technologies for cooking (% of population),EG.CFT.ACCS.ZS,99.9,99.9,99.8,99.7,99.6,99.4,99,98.7,98.2,97.7,97,96.1,95.3,94.4,93.5,92.3,91.2,90.3,89.2,87.8,86.3
Rwanda,RWA,Access to clean fuels and technologies for cooking (% of population),EG.CFT.ACCS.ZS,0.2,0.2,0.2,0.2,0.1,0.2,0.2,0.2,0.2,0.2,0.2,0.3,0.3,0.4,0.5,0.6,0.9,1.1,1.4,1.9,2.4
South Asia,SAS,Access to clean fuels and technologies for cooking (% of population),EG.CFT.ACCS.ZS,20.59106066,21.54776029,22.70723373,23.7972366,25.03267631,26.22729019,27.17804866,28.23115287,29.60115444,31.36957966,32.7763428,34.41982282,36.50772716,38.33183607,41.05414471,43.88075597,46.54777376,50.16540187,53.47588554,56.87533096,60.20350315
Saudi Arabia,SAU,Access to clean fuels and technologies for cooking (% of population),EG.CFT.ACCS.ZS,100,100,100,100,100,100,100,100,100,100,100,100,100,100,100,100,100,100,100,100,100
Sudan,SDN,Access to clean fuels and technologies for cooking (% of population),EG.CFT.ACCS.ZS,7.6,9.5,11.2,13.4,15.5,17.9,21.3,24.15,26.6,29.7,32.5,35.6,38.95,40.95,43.3,45.4,47.9,49.8,51.3,53.6,54.7
Senegal,SEN,Access to clean fuels and technologies for cooking (% of population),EG.CFT.ACCS.ZS,34.8,35.9,37,37.9,38.5,38.8,38.4,37.6,36.7,35.4,33.85,32.4,30.8,29.3,28.4,27.3,26.5,25.9,25.2,24.7,24.2
Singapore,SGP,Access to clean fuels and technologies for cooking (% of population),EG.CFT.ACCS.ZS,100,100,100,100,100,100,100,100,100,100,100,100,100,100,100,100,100,100,100,100,100
Solomon Islands,SLB,Access to clean fuels and technologies for cooking (% of population),EG.CFT.ACCS.ZS,8.7,8.7,8.6,8.6,8.5,8.4,8.3,8.2,8.2,8.2,8.1,8.2,8.2,8.2,8.4,8.4,8.6,8.6,8.9,9.2,9.1
Sierra Leone,SLE,Access to clean fuels and technologies for cooking (% of population),EG.CFT.ACCS.ZS,0.1,0.2,0.2,0.2,0.3,0.3,0.3,0.3,0.4,0.4,0.4,0.4,0.4,0.5,0.5,0.5,0.5,0.6,0.65,0.7,0.8
El Salvador,SLV,Access to clean fuels and technologies for cooking (% of population),EG.CFT.ACCS.ZS,57.9,59.95,62,63.9,65.8,67.7,69.4,71.4,73.1,75.1,76.8,78.7,80.3,82.1,84,85.5,86.9,88.2,89.4,90.75,91.8
San Marino,SMR,Access to clean fuels and technologies for cooking (% of population),EG.CFT.ACCS.ZS,100,100,100,100,100,100,100,100,100,100,100,100,100,100,100,100,100,100,100,100,100
Somalia,SOM,Access to clean fuels and technologies for cooking (% of population),EG.CFT.ACCS.ZS,0.4,0.4,0.5,0.5,0.6,0.6,0.7,0.7,0.8,1,1.1,1.3,1.4,1.6,1.8,2,2.3,2.4,2.7,2.9,3.2
Serbia,SRB,Access to clean fuels and technologies for cooking (% of population),EG.CFT.ACCS.ZS,57.6,58.8,59.8,60.6,62,62.5,63.6,64.6,65.3,66.1,67.4,67.9,69.2,70.45,71.6,73,74.4,75.7,77.3,78.6,79.8
Sub-Saharan Africa (excluding high income),SSA,Access to clean fuels and technologies for cooking (% of population),EG.CFT.ACCS.ZS,8.96034348,9.216536941,9.452798849,9.7347046,10.00604792,10.32090456,10.70331923,11.07838987,11.41036489,11.7902104,12.15536399,12.56975252,12.97870126,13.39717533,13.86651748,14.40054267,15.01757947,15.60088059,16.24306402,16.98981801,17.6329557
South Sudan,SSD,Access to clean fuels and technologies for cooking (% of population),EG.CFT.ACCS.ZS,0.1,0.1,0,0,0,0,0,0,0,0,0,0,0,0,0,0,0,0,0,0,0
Sub-Saharan Africa,SSF,Access to clean fuels and technologies for cooking (% of population),EG.CFT.ACCS.ZS,8.971347653,9.227233699,9.463510949,9.744985835,10.01599003,10.33059274,10.71290482,11.08772455,11.41961664,11.79920756,12.1643272,12.57820673,12.98696986,13.40533141,13.87453482,14.40847032,15.0253446,15.60848391,16.25048297,16.99704362,17.63999993
Small states,SST,Access to clean fuels and technologies for cooking (% of population),EG.CFT.ACCS.ZS,52.03212029,52.66484865,53.30084637,53.95615268,54.61886817,55.37667955,56.14195756,56.93503103,57.71246402,58.33888481,58.80112695,59.20104997,59.55636279,59.94046906,60.36392796,60.74799166,61.11722124,61.37802788,61.59288572,61.70587679,61.70773283
Sao Tome and Principe,STP,Access to clean fuels and technologies for cooking (% of population),EG.CFT.ACCS.ZS,0.4,0.4,0.4,0.5,0.5,0.6,0.7,0.8,0.9,1.1,1.2,1.3,1.5,1.7,1.9,2.1,2.3,2.6,2.7,3,3.3
Suriname,SUR,Access to clean fuels and technologies for cooking (% of population),EG.CFT.ACCS.ZS,77.9,78.85,79.8,80.9,82,82.8,83.5,84.6,85.3,86.3,87.1,88,89,89.8,90.6,91.2,92,92.7,93.3,93.9,94.5
Slovak Republic,SVK,Access to clean fuels and technologies for cooking (% of population),EG.CFT.ACCS.ZS,100,100,100,100,100,100,100,100,100,100,100,100,100,100,100,100,100,100,100,100,100
Slovenia,SVN,Access to clean fuels and technologies for cooking (% of population),EG.CFT.ACCS.ZS,100,100,100,100,100,100,100,100,100,100,100,100,100,100,100,100,100,100,100,100,100
Sweden,SWE,Access to clean fuels and technologies for cooking (% of population),EG.CFT.ACCS.ZS,100,100,100,100,100,100,100,100,100,100,100,100,100,100,100,100,100,100,100,100,100
Eswatini,SWZ,Access to clean fuels and technologies for cooking (% of population),EG.CFT.ACCS.ZS,24.3,25.4,26.4,27.8,29.3,30.1,31.8,33.7,35.3,37.1,39.1,41,42.7,44.2,46.3,47.6,49.2,50.6,52.4,53.8,55.4
Sint Maarten (Dutch part),SXM,Access to clean fuels and technologies for cooking (% of population),EG.CFT.ACCS.ZS,,,,,,,,,,,,,,,,,,,,,
Seychelles,SYC,Access to clean fuels and technologies for cooking (% of population),EG.CFT.ACCS.ZS,100,100,100,100,100,100,100,100,100,100,100,100,100,100,100,100,100,100,100,100,100
Syrian Arab Republic,SYR,Access to clean fuels and technologies for cooking (% of population),EG.CFT.ACCS.ZS,98.6,98.7,98.9,98.8,98.9,98.9,98.9,98.9,98.8,98.7,98.6,98.4,98.4,98.2,98,97.9,97.6,97.6,97.2,97.3,96.9
Turks and Caicos Islands,TCA,Access to clean fuels and technologies for cooking (% of population),EG.CFT.ACCS.ZS,,,,,,,,,,,,,,,,,,,,,
Chad,TCD,Access to clean fuels and technologies for cooking (% of population),EG.CFT.ACCS.ZS,3,2.8,2.5,2.5,2.45,2.4,2.4,2.3,2.3,2.5,2.6,2.8,2.9,3.3,3.7,4.1,4.6,5.1,5.5,6.1,6.8
East Asia & Pacific (IDA & IBRD countries),TEA,Access to clean fuels and technologies for cooking (% of population),EG.CFT.ACCS.ZS,35.98709573,36.54056015,37.48507834,38.10530033,39.65590021,41.19927431,42.90371085,44.85103886,46.9819974,49.62978534,52.08605818,54.69121819,57.44495145,60.00001201,62.76401176,65.10638858,67.34600834,69.79812221,72.09720413,74.06715706,75.84351613
Europe & Central Asia (IDA & IBRD countries),TEC,Access to clean fuels and technologies for cooking (% of population),EG.CFT.ACCS.ZS,89.119504,89.66990441,90.11709659,90.59633637,91.03004629,91.40842196,91.68928363,91.97288121,92.17124021,92.28545579,92.36615713,92.33029696,92.30161341,92.18503913,92.06139368,91.8211277,91.61557331,91.45988448,91.15833875,90.79949044,90.3499401
Togo,TGO,Access to clean fuels and technologies for cooking (% of population),EG.CFT.ACCS.ZS,0.5,0.6,0.7,0.8,1,1.3,1.6,1.9,2.4,2.9,3.4,4,4.5,5.3,6,6.6,7.3,8,8.6,9.25,10.1
Thailand,THA,Access to clean fuels and technologies for cooking (% of population),EG.CFT.ACCS.ZS,56.9,58.6,61.1,63,64.6,66.4,68.2,69.6,71.1,72.6,73.6,74.7,75.9,77.1,77.9,78.9,80.1,80.8,81.7,82.7,83.6
Tajikistan,TJK,Access to clean fuels and technologies for cooking (% of population),EG.CFT.ACCS.ZS,36.5,40,44.1,48,52.15,56,59.65,62.6,65.3,67.7,69.9,71.9,73.4,74.85,76.5,77.3,78.7,79.7,80.9,81.6,82.4
Turkmenistan,TKM,Access to clean fuels and technologies for cooking (% of population),EG.CFT.ACCS.ZS,99.4,99.5,99.6,99.6,99.65,99.7,99.8,99.8,99.8,99.8,99.9,99.9,99.9,99.9,99.9,99.9,99.9,99.9,99.9,99.9,99.9
Latin America & the Caribbean (IDA & IBRD countries),TLA,Access to clean fuels and technologies for cooking (% of population),EG.CFT.ACCS.ZS,80.30754169,81.01339724,81.70029129,82.26991346,82.83004571,83.39028441,83.86200233,84.32328981,84.78702337,85.17764665,85.57817271,85.91276959,86.26404849,86.63341953,86.97702279,87.28510008,87.6838969,87.89215385,88.15373059,88.37947804,88.62056194
Timor-Leste,TLS,Access to clean fuels and technologies for cooking (% of population),EG.CFT.ACCS.ZS,1.5,1.6,1.8,2,2.2,2.4,2.8,3.1,3.6,4.1,4.7,5.3,6,6.8,7.7,8.5,9.5,10.3,11.5,12.5,13.6
Middle East & North Africa (IDA & IBRD countries),TMN,Access to clean fuels and technologies for cooking (% of population),EG.CFT.ACCS.ZS,86.74926137,88.07255483,89.34537435,90.46978719,91.42498645,92.24913669,92.97234933,93.54633494,93.96771805,94.37236597,94.62686151,94.89381496,95.0004225,95.08484691,95.20285471,95.25259273,95.29514311,95.36639228,95.30687764,95.2884522,95.22199425
Tonga,TON,Access to clean fuels and technologies for cooking (% of population),EG.CFT.ACCS.ZS,35.9,38.05,40.5,42.8,45.8,47.9,50.7,53.1,55.2,57.6,59.8,62.1,64.6,67,69.5,72.1,75.1,77.1,79.75,82.1,84.1
South Asia (IDA & IBRD),TSA,Access to clean fuels and technologies for cooking (% of population),EG.CFT.ACCS.ZS,20.59106066,21.54776029,22.70723373,23.7972366,25.03267631,26.22729019,27.17804866,28.23115287,29.60115444,31.36957966,32.7763428,34.41982282,36.50772716,38.33183607,41.05414471,43.88075597,46.54777376,50.16540187,53.47588554,56.87533096,60.20350315
Sub-Saharan Africa (IDA & IBRD countries),TSS,Access to clean fuels and technologies for cooking (% of population),EG.CFT.ACCS.ZS,8.971347653,9.227233699,9.463510949,9.744985835,10.01599003,10.33059274,10.71290482,11.08772455,11.41961664,11.79920756,12.1643272,12.57820673,12.98696986,13.40533141,13.87453482,14.40847032,15.0253446,15.60848391,16.25048297,16.99704362,17.63999993
Trinidad and Tobago,TTO,Access to clean fuels and technologies for cooking (% of population),EG.CFT.ACCS.ZS,100,100,100,100,100,100,100,100,100,100,100,100,100,100,100,100,100,100,100,100,100
Tunisia,TUN,Access to clean fuels and technologies for cooking (% of population),EG.CFT.ACCS.ZS,94.2,95.1,96.1,96.8,97.4,97.9,98.4,98.7,99,99.2,99.4,99.5,99.6,99.7,99.7,99.7,99.8,99.8,99.8,99.8,99.8
Turkiye,TUR,Access to clean fuels and technologies for cooking (% of population),EG.CFT.ACCS.ZS,90.1,90.8,91.3,91.7,92.3,92.8,93.1,93.4,93.7,93.9,94.2,94.3,94.5,94.7,94.8,94.9,95.1,95.2,95.2,95.2,95.2
Tuvalu,TUV,Access to clean fuels and technologies for cooking (% of population),EG.CFT.ACCS.ZS,16.1,17.75,19.8,22.4,25.3,28.2,31.4,35.8,40.9,44.65,48.55,52.9,56.6,59.5,62.4,64.2,65.5,67.55,68.9,69.8,70.6
Tanzania,TZA,Access to clean fuels and technologies for cooking (% of population),EG.CFT.ACCS.ZS,0.6,0.7,0.7,0.7,0.8,0.8,0.9,1,1.1,1.2,1.4,1.7,1.9,2.2,2.5,2.9,3.3,3.6,3.9,4.3,4.5
Uganda,UGA,Access to clean fuels and technologies for cooking (% of population),EG.CFT.ACCS.ZS,0.9,0.9,0.9,0.9,0.8,0.8,0.8,0.8,0.9,0.8,0.8,0.8,0.8,0.8,0.7,0.7,0.7,0.6,0.6,0.5,0.5
Ukraine,UKR,Access to clean fuels and technologies for cooking (% of population),EG.CFT.ACCS.ZS,91.65,92,92.3,92.7,92.9,93.2,93.6,93.9,94,94.2,94.3,94.6,94.7,94.8,94.8,94.9,94.9,94.9,95,94.9,94.9
Upper middle income,UMC,Access to clean fuels and technologies for cooking (% of population),EG.CFT.ACCS.ZS,58.29394797,58.85896092,59.71996066,60.2542386,61.47329776,62.62504155,63.72623949,64.99103608,66.23960775,67.86505073,69.28239745,70.83310841,72.55075114,74.1524959,75.89637304,77.37347994,78.76959454,80.29860784,81.73467395,82.91963039,83.98243864
Uruguay,URY,Access to clean fuels and technologies for cooking (% of population),EG.CFT.ACCS.ZS,100,100,100,100,100,100,100,100,100,100,100,100,100,100,100,100,100,100,100,100,100
United States,USA,Access to clean fuels and technologies for cooking (% of population),EG.CFT.ACCS.ZS,100,100,100,100,100,100,100,100,100,100,100,100,100,100,100,100,100,100,100,100,100
Uzbekistan,UZB,Access to clean fuels and technologies for cooking (% of population),EG.CFT.ACCS.ZS,83.6,83.9,84.2,84.5,84.6,85,85.3,85.3,85.7,85.6,85.8,85.6,85.8,85.5,85.5,85.35,85.2,84.9,84.3,84.6,84.25
St. Vincent and the Grenadines,VCT,Access to clean fuels and technologies for cooking (% of population),EG.CFT.ACCS.ZS,95.6,95.6,95.6,95.8,95.6,95.6,95.7,95.8,95.75,95.7,95.6,95.7,95.55,95.6,95.35,95.2,95.3,94.9,94.7,94.5,94.2
"Venezuela, RB",VEN,Access to clean fuels and technologies for cooking (% of population),EG.CFT.ACCS.ZS,97,97,97,96.8,96.7,96.8,96.8,96.7,96.8,96.8,96.9,96.9,97,97,97.2,97.1,97,97,97.25,97,97
British Virgin Islands,VGB,Access to clean fuels and technologies for cooking (% of population),EG.CFT.ACCS.ZS,,,,,,,,,,,,,,,,,,,,,
Virgin Islands (U.S.),VIR,Access to clean fuels and technologies for cooking (% of population),EG.CFT.ACCS.ZS,,,,,,,,,,,,,,,,,,,,,
Vietnam,VNM,Access to clean fuels and technologies for cooking (% of population),EG.CFT.ACCS.ZS,14,17.2,20.6,24.4,28.2,31.8,35.6,39.4,42.75,45.8,48.7,51.6,53.9,56.2,58.3,59.6,61,62.3,63.3,64.4,65.3
Vanuatu,VUT,Access to clean fuels and technologies for cooking (% of population),EG.CFT.ACCS.ZS,15.9,15.7,15.5,15.35,15.1,14.7,14.5,13.9,13.5,12.9,12.3,11.5,11,10.6,10,9.5,8.8,8.4,8.3,8,7.6
World,WLD,Access to clean fuels and technologies for cooking (% of population),EG.CFT.ACCS.ZS,49.3869112,49.80155657,50.36450293,50.81273495,51.56190923,52.30159953,53.02877398,53.84994815,54.78185884,55.93918649,56.93355869,58.00376548,59.22336311,60.31927423,61.69809814,62.97634591,64.20844642,65.67892115,67.05105499,68.35877588,69.57011148
Samoa,WSM,Access to clean fuels and technologies for cooking (% of population),EG.CFT.ACCS.ZS,18.6,19.4,19.9,20.8,21.5,22.3,23.2,24,25.1,25.9,26.8,27.8,28.6,29.5,30.4,31.4,32.4,33.6,34.6,35.3,36.5
Kosovo,XKX,Access to clean fuels and technologies for cooking (% of population),EG.CFT.ACCS.ZS,,,,,,,,,,,,,,,,,,,,,
"Yemen, Rep.",YEM,Access to clean fuels and technologies for cooking (% of population),EG.CFT.ACCS.ZS,55.7,56.1,56.7,57.15,57.4,57.9,58.2,58.7,59,59.5,59.7,60,60,60.3,60.8,61.1,61.2,61.35,61.5,61.3,61.5
South Africa,ZAF,Access to clean fuels and technologies for cooking (% of population),EG.CFT.ACCS.ZS,55.9,57.8,60,62.1,64.4,66.8,69,71.4,73.5,75.4,77.1,78.8,80.2,81.5,82.65,83.4,84.4,85.2,85.7,86.3,86.8
Zambia,ZMB,Access to clean fuels and technologies for cooking (% of population),EG.CFT.ACCS.ZS,13.8,14.2,14.6,15.1,15.3,15.7,15.9,16.1,16.2,16.3,16.2,15.9,15.5,15.1,14.6,14,13.4,12.5,11.9,11.2,10.4
Zimbabwe,ZWE,Access to clean fuels and technologies for cooking (% of population),EG.CFT.ACCS.ZS,33.5,33.6,33.5,32.8,32.2,31.7,31.4,31,30.5,30.5,30.15,30.1,29.8,29.8,29.5,29.5,29.8,29.8,29.9,30.1,30.4