Country Name,Country Code,Indicator Name,Indicator Code,1990,1991,1992,1993,1994,1995,1996,1997,1998,1999,2000,2001,2002,2003,2004,2005,2006,2007,2008,2009,2010,2011,2012,2013,2014,2015,2016,2017,2018,2019,2020,2021
Africa Eastern and Southern,AFE,"Probability of dying among youth ages 20-24 years (per 1,000)",SH.DYN.2024,25.55620586,25.06293753,25.43573041,26.15639507,35.39074366,25.83976801,26.40373359,25.65001044,25.27288273,25.58212395,24.20336546,23.62056783,22.99946606,22.34504913,21.65152932,20.93706952,20.15099279,19.3703504,18.8116195,17.84074087,17.16540216,16.54151934,15.97403586,15.49815673,15.13450052,14.70173159,14.39906915,14.12978083,13.87941953,13.66385609,13.46427262,13.30362797
Afghanistan,AFG,"Probability of dying among youth ages 20-24 years (per 1,000)",SH.DYN.2024,35.1,32.7,30.4,28,25.8,23.9,22,20.2,18.6,17.1,15.7,14.5,13.4,12.5,11.8,11.3,11,11.1,11.3,11.9,12.7,13.6,14.6,15.7,16.7,17.5,18,18.2,18.2,18.1,17.9,17.8
Africa Western and Central,AFW,"Probability of dying among youth ages 20-24 years (per 1,000)",SH.DYN.2024,20.92871343,19.54021084,19.28910165,18.98518138,18.74247199,18.60630297,18.2476827,17.99289604,17.78551268,17.49478636,17.17857616,16.89619334,16.60042581,16.43253834,16.06329696,15.81423424,15.49246783,15.2285702,14.92804176,14.67058432,14.41158472,14.16437526,13.88905203,13.63719419,13.36622556,13.17019686,12.88402273,12.70174065,12.47478655,12.29357907,12.15135587,12.00183936
Angola,AGO,"Probability of dying among youth ages 20-24 years (per 1,000)",SH.DYN.2024,36.6,36.6,36.6,36.6,36.6,36.5,36.3,36,35.7,35.2,34.7,34,33.3,32.5,31.5,30.5,29.4,28.2,27.1,26,24.9,23.9,22.9,22,21.3,20.6,20.1,19.6,19.1,18.7,18.2,17.8
Albania,ALB,"Probability of dying among youth ages 20-24 years (per 1,000)",SH.DYN.2024,4.8,5.2,5.5,5.7,5.9,6,6.1,7.7,6,5.7,5.3,4.9,4.5,4.2,4,3.8,3.7,3.5,3.4,3.4,3.2,3.1,3,2.8,2.6,2.4,2.3,2.2,2.1,2,2,1.9
Andorra,AND,"Probability of dying among youth ages 20-24 years (per 1,000)",SH.DYN.2024,5.3,5.1,4.9,4.7,4.6,4.4,4.2,4.1,3.9,3.8,3.7,3.6,3.4,3.3,3.2,3.1,3,2.9,2.8,2.7,2.6,2.5,2.5,2.4,2.3,2.2,2.1,2.1,2,2,1.9,1.9
Arab World,ARB,"Probability of dying among youth ages 20-24 years (per 1,000)",SH.DYN.2024,9.352457283,8.585387417,8.315067699,8.163456491,8.145534614,7.955642984,7.871028965,7.726026086,7.634506399,7.503200609,7.395549462,7.335981267,7.268178077,7.178711904,7.10983833,6.979759326,6.864776575,6.657791611,6.797626721,6.414361085,6.332551827,6.396783796,7.112452746,7.344004624,7.285882271,7.280423812,7.152740887,7.367290053,7.62386786,7.286710659,6.932037905,6.917199094
United Arab Emirates,ARE,"Probability of dying among youth ages 20-24 years (per 1,000)",SH.DYN.2024,3.8,3.8,3.7,3.6,3.6,3.5,3.5,3.4,3.4,3.4,3.3,3.3,3.3,3.2,3.2,3.2,3.1,3.1,3.1,3.1,3,3,3,2.9,2.9,2.9,2.9,2.8,2.8,2.8,2.7,2.7
Argentina,ARG,"Probability of dying among youth ages 20-24 years (per 1,000)",SH.DYN.2024,5,5,5.1,5.2,5.2,5.3,5.3,5.3,5.3,5.3,5.3,5.2,5,4.8,4.7,4.6,4.6,4.7,4.8,4.9,5,5.1,5.1,5.1,5.1,5,4.9,4.8,4.7,4.6,4.3,4.1
Armenia,ARM,"Probability of dying among youth ages 20-24 years (per 1,000)",SH.DYN.2024,4.1,4.7,5.9,6.8,6.8,5.8,4.4,3.3,2.7,2.4,2.2,2.1,2.1,2.1,2.3,2.4,2.6,2.7,2.8,2.8,2.8,2.7,2.6,2.7,2.8,3,3.2,3.2,2.9,2.6,2.6,3.1
American Samoa,ASM,"Probability of dying among youth ages 20-24 years (per 1,000)",SH.DYN.2024,,,,,,,,,,,,,,,,,,,,,,,,,,,,,,,,
Antigua and Barbuda,ATG,"Probability of dying among youth ages 20-24 years (per 1,000)",SH.DYN.2024,7,6.8,6.6,6.4,6.2,6.1,5.9,5.8,5.6,5.5,5.3,5.2,5.1,5,4.9,4.8,4.7,4.6,4.5,4.4,4.3,4.1,4,3.9,3.7,3.6,3.5,3.4,3.3,3.2,3.2,3.2
Australia,AUS,"Probability of dying among youth ages 20-24 years (per 1,000)",SH.DYN.2024,4.5,4.2,4,3.9,3.9,3.9,4.1,4.1,4.1,4,3.7,3.4,3.2,3,2.9,2.8,2.7,2.6,2.5,2.4,2.3,2.2,2.2,2.1,2.1,2,2,2,2.1,2.1,2.2,2.2
Austria,AUT,"Probability of dying among youth ages 20-24 years (per 1,000)",SH.DYN.2024,4.4,4.4,4.4,4.3,4.2,4.1,3.9,3.7,3.6,3.5,3.4,3.3,3.3,3.2,3.2,3.1,3,2.9,2.8,2.6,2.5,2.3,2.2,2.1,2,1.9,1.8,1.8,1.7,1.7,1.7,1.7
Azerbaijan,AZE,"Probability of dying among youth ages 20-24 years (per 1,000)",SH.DYN.2024,4,6.7,13,16.2,13.1,9.4,7.4,6.4,5.9,5.5,5.1,4.5,4,3.9,4,4,3.9,3.8,4.2,3.6,3.5,3.5,4,3.6,3.6,3.5,3.3,3.2,3.1,3.2,10.5,4.3
Burundi,BDI,"Probability of dying among youth ages 20-24 years (per 1,000)",SH.DYN.2024,44.7,46,47.2,78.9,48.3,47.3,45.3,42.6,39.3,35.6,32,28.6,25.6,23.1,20.7,18.5,16.5,14.9,13.4,12.4,11.6,11.1,10.7,10.4,10.1,9.8,9.5,9.3,9.2,9,8.9,8.9
Belgium,BEL,"Probability of dying among youth ages 20-24 years (per 1,000)",SH.DYN.2024,4.5,4.5,4.4,4.4,4.3,4.2,4.1,4,4,3.9,3.9,3.8,3.6,3.4,3.2,3,2.9,2.8,2.7,2.6,2.5,2.4,2.3,2.2,2.1,2,2,1.9,1.8,1.8,1.7,1.6
Benin,BEN,"Probability of dying among youth ages 20-24 years (per 1,000)",SH.DYN.2024,14.8,14.4,14.1,13.7,13.5,13.2,13,12.7,12.5,12.3,12.1,11.9,11.7,11.6,11.5,11.4,11.3,11.3,11.3,11.3,11.3,11.3,11.3,11.3,11.4,11.4,11.4,11.3,11.2,11.2,11.1,11
Burkina Faso,BFA,"Probability of dying among youth ages 20-24 years (per 1,000)",SH.DYN.2024,20.2,19.9,19.7,19.4,19.1,18.7,18.3,17.8,17.3,16.7,16.2,15.7,15.2,14.8,14.4,14.1,13.7,13.4,13.1,12.7,12.5,12.2,12,11.8,11.7,11.5,11.4,11.2,11.1,11,10.9,10.8
Bangladesh,BGD,"Probability of dying among youth ages 20-24 years (per 1,000)",SH.DYN.2024,14.2,16.3,13.2,12.5,11.5,10.3,9.6,9.5,9.7,9.7,9.3,8.7,8,7.3,6.7,6.2,5.9,5.7,5.6,5.7,5.9,6.2,6.1,5.8,5.3,4.7,4.1,3.7,3.7,4.1,4.9,5.6
Bulgaria,BGR,"Probability of dying among youth ages 20-24 years (per 1,000)",SH.DYN.2024,4.7,4.7,4.8,4.8,4.8,4.8,4.7,4.6,4.4,4.3,4.1,4,3.9,3.8,3.7,3.7,3.7,3.7,3.7,3.6,3.5,3.4,3.3,3.2,3.1,3.1,3.1,3.1,3.1,3.2,3.3,3.4
Bahrain,BHR,"Probability of dying among youth ages 20-24 years (per 1,000)",SH.DYN.2024,3.2,3.2,3.2,3.3,3.3,3.3,3.3,3.3,3.3,3.3,3.3,3.3,3.3,3.2,3.2,3.2,3.1,3.1,3.1,3,3,2.9,2.9,2.8,2.8,2.7,2.7,2.6,2.6,2.5,2.5,2.4
"Bahamas, The",BHS,"Probability of dying among youth ages 20-24 years (per 1,000)",SH.DYN.2024,8.4,8.7,8.9,9.1,9.3,9.4,9.5,9.4,9.3,9,8.7,8.4,8.2,8.1,8.1,8.2,8.5,8.8,9.2,9.7,10.1,10.5,10.7,10.8,10.7,10.4,10,9.4,8.7,9.9,7.5,7
Bosnia and Herzegovina,BIH,"Probability of dying among youth ages 20-24 years (per 1,000)",SH.DYN.2024,3.9,4.1,74.9,78,28.3,10.6,3.7,3.4,3.2,3,2.9,2.8,2.7,2.7,2.7,2.6,2.6,2.5,2.5,2.4,2.3,2.2,2.2,2.2,2.3,2.3,2.4,2.5,2.5,2.6,2.6,2.5
Belarus,BLR,"Probability of dying among youth ages 20-24 years (per 1,000)",SH.DYN.2024,7.1,7.5,7.7,7.8,7.9,7.9,8,8.2,8.4,8.6,8.7,8.5,8.1,7.7,7.4,7.2,6.8,6.5,6.2,6,5.8,5.4,5,4.6,4.1,3.7,3.3,3,2.7,2.5,2.4,2.3
Belize,BLZ,"Probability of dying among youth ages 20-24 years (per 1,000)",SH.DYN.2024,5.9,6.5,7.2,7.8,8.5,9.2,9.9,10.4,10.7,10.9,10.9,10.9,10.8,10.6,10.5,10.4,10.2,10.1,10,10,9.9,9.7,9.6,9.4,9.2,9,8.7,8.5,8.2,7.9,7.7,7.6
Bermuda,BMU,"Probability of dying among youth ages 20-24 years (per 1,000)",SH.DYN.2024,,,,,,,,,,,,,,,,,,,,,,,,,,,,,,,,
Bolivia,BOL,"Probability of dying among youth ages 20-24 years (per 1,000)",SH.DYN.2024,12.4,11.8,11.2,10.8,10.3,10,9.6,9.3,9,8.7,8.4,8.1,7.8,7.5,7.2,6.9,6.6,6.3,6.1,6,5.9,5.8,5.7,5.7,5.6,5.6,5.5,5.5,5.4,5.3,5.3,5.2
Brazil,BRA,"Probability of dying among youth ages 20-24 years (per 1,000)",SH.DYN.2024,8.1,7.9,7.9,8,8.1,8.2,8.2,8.2,8.2,8.1,8.1,8,8,7.9,7.7,7.6,7.6,7.6,7.7,7.8,7.9,8,8,8.1,8.1,8.2,8.1,8,7.8,7.7,7.5,7.3
Barbados,BRB,"Probability of dying among youth ages 20-24 years (per 1,000)",SH.DYN.2024,5.6,5.4,5.2,5.1,4.9,4.9,4.8,4.8,4.8,4.9,4.9,5,5.1,5.2,5.2,5.2,5.2,5.1,5,4.8,4.7,4.5,4.3,4.2,4,3.9,3.9,3.8,3.7,3.7,3.7,3.6
Brunei Darussalam,BRN,"Probability of dying among youth ages 20-24 years (per 1,000)",SH.DYN.2024,6.3,6.1,6,5.8,5.6,5.4,5.1,4.9,4.6,4.3,4.1,3.9,3.7,3.6,3.4,3.3,3.2,3.2,3.1,3.1,3,3,2.9,2.8,2.7,2.6,2.5,2.4,2.3,2.2,2.1,2.1
Bhutan,BTN,"Probability of dying among youth ages 20-24 years (per 1,000)",SH.DYN.2024,14.4,13.6,12.9,12.1,11.5,10.8,10.3,9.8,9.4,9,8.7,8.4,8.2,8.1,7.9,7.8,7.7,7.6,7.6,7.6,7.5,7.5,7.4,7.4,7.3,7.2,7.2,7.1,7,6.9,6.8,6.8
Botswana,BWA,"Probability of dying among youth ages 20-24 years (per 1,000)",SH.DYN.2024,26.3,26.4,26.5,26.5,26.4,26.2,25.9,25.6,25,24.4,23.6,22.7,21.7,20.7,19.5,18.4,17.2,16,14.8,13.7,12.7,11.6,10.7,9.8,8.9,8.1,7.4,6.9,6.5,6.3,6.2,6.1
Central African Republic,CAF,"Probability of dying among youth ages 20-24 years (per 1,000)",SH.DYN.2024,27.5,27.6,27.8,28,28.1,28.1,28.2,28.3,28.4,28.6,28.7,28.8,29,29.1,29.1,28.9,28.7,28.4,28,27.6,27.2,26.9,26.6,26.2,25.9,25.6,25.2,28.4,24.5,24.4,24.1,26.8
Canada,CAN,"Probability of dying among youth ages 20-24 years (per 1,000)",SH.DYN.2024,4.1,3.9,3.8,3.6,3.5,3.4,3.3,3.3,3.2,3.2,3.1,3.1,3,3,3,3,2.9,2.9,2.8,2.7,2.7,2.6,2.6,2.5,2.5,2.6,2.7,2.8,2.9,3,3,3
Central Europe and the Baltics,CEB,"Probability of dying among youth ages 20-24 years (per 1,000)",SH.DYN.2024,5.114306825,5.283070234,5.108169325,5.011219135,4.877763316,4.756120896,4.540417772,4.378834565,4.237910183,4.108231027,3.939275926,3.866064676,3.731681913,3.62172491,3.511704175,3.475046379,3.463824696,3.504001668,3.477908104,3.465234004,3.429817663,3.289318116,3.144743112,2.996154622,2.880580889,2.771349921,2.728393853,2.65283653,2.609580753,2.63710921,2.645434769,2.721579968
Switzerland,CHE,"Probability of dying among youth ages 20-24 years (per 1,000)",SH.DYN.2024,5.3,5.2,5,4.8,4.6,4.3,4.1,3.8,3.6,3.4,3.2,3.1,2.9,2.8,2.7,2.5,2.4,2.3,2.1,2,1.8,1.7,1.6,1.6,1.5,1.5,1.5,1.5,1.5,1.5,1.5,1.6
Channel Islands,CHI,"Probability of dying among youth ages 20-24 years (per 1,000)",SH.DYN.2024,,,,,,,,,,,,,,,,,,,,,,,,,,,,,,,,
Chile,CHL,"Probability of dying among youth ages 20-24 years (per 1,000)",SH.DYN.2024,5,5,4.9,4.8,4.8,4.8,4.7,4.5,4.4,4.2,4.1,4,3.9,3.8,3.7,3.6,3.6,3.6,3.7,3.7,3.6,3.4,3.3,3.2,3.1,3.1,3.2,3.2,3.2,3.3,3.3,3.4
China,CHN,"Probability of dying among youth ages 20-24 years (per 1,000)",SH.DYN.2024,3.7,3.6,3.6,3.6,3.5,3.5,3.5,3.4,3.4,3.3,3.3,3.3,3.2,3.2,3.1,3.1,3,3,2.9,2.9,2.8,2.8,2.7,2.7,2.7,2.6,2.6,2.6,2.5,2.5,2.5,2.5
Cote d'Ivoire,CIV,"Probability of dying among youth ages 20-24 years (per 1,000)",SH.DYN.2024,19.2,19.5,19.7,20,20.2,20.3,20.5,20.5,20.6,20.6,20.5,20.3,20.1,19.9,19.7,19.4,19.2,18.9,18.7,18.4,18.2,17.9,17.8,17.5,17.3,17.1,16.9,16.7,16.4,16.3,16.1,15.9
Cameroon,CMR,"Probability of dying among youth ages 20-24 years (per 1,000)",SH.DYN.2024,17.5,17.8,18.1,18.4,18.7,19,19.3,19.6,19.9,20,20.2,20.3,20.3,20.2,20.2,20.1,19.9,19.8,19.6,19.4,19.2,19,18.8,18.7,18.5,18.4,18.2,18.1,18,17.8,17.7,17.4
"Congo, Dem. Rep.",COD,"Probability of dying among youth ages 20-24 years (per 1,000)",SH.DYN.2024,26.8,26.5,26.1,25.8,25.5,25.2,29.8,24.6,24.3,24,23.7,23.4,23.1,22.7,22.4,22.2,21.9,21.7,21.6,21.4,21.3,21.2,21,20.9,20.7,20.5,20.3,20.1,19.9,19.8,19.6,19.4
"Congo, Rep.",COG,"Probability of dying among youth ages 20-24 years (per 1,000)",SH.DYN.2024,32.9,31.5,30.5,29.4,28.5,27.6,26.7,25.7,24.6,23.6,22.5,21.4,20.4,19.4,18.5,17.7,16.9,16.1,15.4,14.7,14.1,13.5,12.9,12.4,12.1,11.7,11.6,11.4,11.2,13.5,10.9,10.7
Colombia,COL,"Probability of dying among youth ages 20-24 years (per 1,000)",SH.DYN.2024,16.7,15.8,15,14.3,13.6,13,12.6,12.4,12.5,12.9,13.2,13.3,12.8,11.9,10.9,9.9,9.2,8.8,8.6,8.4,8.2,7.9,7.6,7.3,7.1,6.9,6.8,6.8,6.8,6.7,6.7,6.6
Comoros,COM,"Probability of dying among youth ages 20-24 years (per 1,000)",SH.DYN.2024,11.9,11.6,11.2,10.9,10.6,10.3,10,9.7,9.4,9.1,8.8,8.6,8.3,7.9,7.7,7.4,7.1,6.8,6.6,6.3,6.1,5.8,5.6,5.4,5.2,5,4.8,4.6,4.4,4.3,4.2,4.2
Cabo Verde,CPV,"Probability of dying among youth ages 20-24 years (per 1,000)",SH.DYN.2024,6.1,6.3,6.5,6.7,6.9,9.1,7,6.9,6.8,6.6,6.3,6,5.7,5.5,5.3,5.1,5,4.9,4.8,4.7,4.7,4.6,4.6,4.5,4.5,4.4,4.3,4.2,4.1,4,3.9,3.8
Costa Rica,CRI,"Probability of dying among youth ages 20-24 years (per 1,000)",SH.DYN.2024,3.7,3.8,3.9,4,4.2,4.3,4.4,4.4,4.5,4.4,4.3,4.2,4.2,4.1,4.1,4.1,4.2,4.3,4.5,4.6,4.3,4.1,3.9,3.9,4.1,4.4,4.7,4.9,5,4.8,4.5,4.2
Caribbean small states,CSS,"Probability of dying among youth ages 20-24 years (per 1,000)",SH.DYN.2024,7.625670364,7.613475019,7.605286395,7.612497047,7.60270087,7.63554194,7.654451473,7.683682331,7.687474523,7.665368786,7.617269653,7.588863819,7.572500534,7.601961928,7.606543625,7.645754751,7.688326244,7.765139495,7.762609952,7.71313792,7.630571207,7.511757305,7.399216473,7.315299811,7.240097804,7.186834859,7.189359971,7.124044776,7.273017029,7.143937847,6.943652203,6.869677819
Cuba,CUB,"Probability of dying among youth ages 20-24 years (per 1,000)",SH.DYN.2024,5.9,5.9,5.9,5.8,5.7,5.4,5.2,4.9,4.7,4.4,4.1,3.9,3.7,3.5,3.3,3.2,3,2.9,2.8,2.8,2.7,2.7,2.7,2.7,2.7,2.7,2.7,2.7,2.7,2.7,2.7,2.7
Curacao,CUW,"Probability of dying among youth ages 20-24 years (per 1,000)",SH.DYN.2024,,,,,,,,,,,,,,,,,,,,,,,,,,,,,,,,
Cayman Islands,CYM,"Probability of dying among youth ages 20-24 years (per 1,000)",SH.DYN.2024,,,,,,,,,,,,,,,,,,,,,,,,,,,,,,,,
Cyprus,CYP,"Probability of dying among youth ages 20-24 years (per 1,000)",SH.DYN.2024,3.6,3.7,3.9,4,4.1,4.3,4.4,4.4,4.4,4.4,4.4,4.3,4.2,4,3.8,3.5,3.3,3,2.8,2.6,2.4,2.3,2.2,2.1,2.1,2,2,2,2,1.9,1.9,1.9
Czechia,CZE,"Probability of dying among youth ages 20-24 years (per 1,000)",SH.DYN.2024,3.9,4,4.1,4,4,3.8,3.7,3.6,3.5,3.5,3.4,3.4,3.3,3.2,3.2,3.1,3,2.9,2.8,2.8,2.7,2.6,2.6,2.5,2.5,2.4,2.4,2.4,2.3,2.3,2.2,2.2
Germany,DEU,"Probability of dying among youth ages 20-24 years (per 1,000)",SH.DYN.2024,3.6,3.6,3.6,3.6,3.5,3.4,3.3,3.3,3.2,3.1,3,2.9,2.7,2.6,2.4,2.3,2.1,2.1,2,1.9,1.9,1.8,1.7,1.7,1.7,1.6,1.6,1.6,1.5,1.5,1.5,1.5
Djibouti,DJI,"Probability of dying among youth ages 20-24 years (per 1,000)",SH.DYN.2024,24.6,24.3,24.1,23.9,23.7,23.5,23.3,23.1,22.9,22.6,22.3,22,21.7,21.4,21,20.7,20.3,20,19.6,19.2,18.9,18.5,18.2,17.9,17.5,17.2,16.9,16.6,16.3,15.9,15.6,15.3
Dominica,DMA,"Probability of dying among youth ages 20-24 years (per 1,000)",SH.DYN.2024,3.9,3.9,4,4,4,4.1,4.1,4.1,4.1,4.1,4.1,4.1,4.1,4.1,4.1,4.1,4.2,4.2,4.3,4.3,4.4,4.5,4.6,4.7,4.8,4.8,4.8,4.8,4.7,4.7,4.6,4.6
Denmark,DNK,"Probability of dying among youth ages 20-24 years (per 1,000)",SH.DYN.2024,3.1,3,3,2.9,2.9,2.9,2.8,2.8,2.8,2.8,2.7,2.7,2.6,2.5,2.4,2.4,2.3,2.2,2.1,2,1.8,1.7,1.6,1.5,1.5,1.5,1.4,1.4,1.5,1.5,1.5,1.5
Dominican Republic,DOM,"Probability of dying among youth ages 20-24 years (per 1,000)",SH.DYN.2024,6.9,7.1,7.3,7.6,7.8,8.1,8.3,8.6,8.8,9,9.1,9.3,9.4,9.5,9.6,9.7,9.8,9.8,9.7,9.7,9.5,9.4,9.2,9.1,9,8.8,8.7,8.6,8.5,8.4,8.3,8.2
Algeria,DZA,"Probability of dying among youth ages 20-24 years (per 1,000)",SH.DYN.2024,5.9,6,6.1,6.1,6.2,6.1,6.1,5.9,5.7,5.5,5.2,4.9,4.7,4.4,4.2,4,3.9,3.8,3.7,3.6,3.5,3.5,3.5,3.5,3.5,3.5,3.5,3.4,3.3,3.2,3.1,3
East Asia & Pacific (excluding high income),EAP,"Probability of dying among youth ages 20-24 years (per 1,000)",SH.DYN.2024,4.836686244,4.766833627,4.770048615,4.785641378,4.744969197,4.783946186,4.802435787,4.718985708,4.734852883,4.65724755,4.647783614,4.630137383,4.522008989,4.469536097,4.674060163,4.291658794,4.16412234,4.089312056,4.110789324,3.905934329,3.788098756,3.755793419,3.670049786,3.673795913,3.67823434,3.653282238,3.666449958,3.688584858,3.618870725,3.620081702,3.615891235,3.642789733
Early-demographic dividend,EAR,"Probability of dying among youth ages 20-24 years (per 1,000)",SH.DYN.2024,12.42796713,12.06630843,11.65292963,11.44349316,12.65245055,10.92459582,10.74874538,10.54155378,10.42181847,10.39079735,10.0695677,9.903231763,9.707382863,9.547919704,9.460614621,9.115404057,8.81339129,8.563572573,8.386763065,8.078241662,7.93633092,7.611651681,7.419242332,7.152562046,6.864336392,6.67521665,6.401204157,6.238883113,6.096808821,5.901875827,5.76125132,5.711437064
East Asia & Pacific,EAS,"Probability of dying among youth ages 20-24 years (per 1,000)",SH.DYN.2024,4.7,4.7,4.6,4.6,4.6,4.6,4.6,4.6,4.6,4.5,4.5,4.4,4.4,4.3,4.5,4.1,4.1,4,4,3.8,3.7,3.6,3.6,3.6,3.5,3.5,3.5,3.5,3.5,3.5,3.5,3.5
Europe & Central Asia (excluding high income),ECA,"Probability of dying among youth ages 20-24 years (per 1,000)",SH.DYN.2024,7.290005524,7.687068583,9.212615117,9.717146401,9.469504682,10.02327643,9.076794615,9.013192969,9.107109574,9.426869622,9.242476206,9.027488491,8.695984741,8.242626686,7.895617442,7.597375906,7.31958089,6.990012186,6.561188588,6.087418788,5.773248863,5.462172477,5.172376336,4.932787532,4.712212103,4.376077454,4.216658634,3.851235025,3.673232678,3.574880803,3.709633508,3.56773407
Europe & Central Asia,ECS,"Probability of dying among youth ages 20-24 years (per 1,000)",SH.DYN.2024,5.5,5.7,6.4,6.5,6.4,6.6,6.2,6.1,6.2,6.3,6.2,6,5.8,5.6,5.4,5.2,5.1,4.9,4.6,4.4,4.1,3.9,3.7,3.5,3.4,3.1,3,2.8,2.7,2.6,2.7,2.6
Ecuador,ECU,"Probability of dying among youth ages 20-24 years (per 1,000)",SH.DYN.2024,8.5,8.2,7.9,7.8,7.6,7.5,7.5,7.6,7.8,7.8,7.8,7.8,7.7,7.6,7.5,7.6,7.6,7.6,7.6,7.4,7.2,6.9,6.5,6.1,5.8,5.6,5.5,5.4,5.4,5.5,5.5,5.5
"Egypt, Arab Rep.",EGY,"Probability of dying among youth ages 20-24 years (per 1,000)",SH.DYN.2024,6.5,6,5.6,5.4,5.3,5.2,5.2,5.1,5.1,5,5,5.1,5.2,5.2,5.2,5,4.8,4.6,4.4,4.4,4.4,4.4,4.3,4.2,4,3.8,3.7,3.8,3.8,3.9,4,4
Euro area,EMU,"Probability of dying among youth ages 20-24 years (per 1,000)",SH.DYN.2024,4.249005383,4.216305576,4.154309162,4.051861835,3.911739244,3.798570393,3.683326728,3.613033148,3.551524889,3.453464861,3.367863443,3.265011111,3.116188895,3.004500992,2.854586116,2.735778903,2.587564613,2.493595423,2.395529794,2.280327803,2.18052806,2.070825813,1.963456481,1.88232913,1.818400916,1.770161724,1.753159172,1.703112224,1.643756053,1.636839473,1.610462227,1.54766825
Eritrea,ERI,"Probability of dying among youth ages 20-24 years (per 1,000)",SH.DYN.2024,29.1,28.2,27.3,26.3,25.3,24.3,23.4,22.5,21.7,21,20.3,19.7,19.1,18.6,18.1,17.6,17.1,16.7,16.3,15.9,15.5,15.2,14.9,14.6,14.3,13.9,13.7,13.4,13.1,12.8,12.6,12.4
Spain,ESP,"Probability of dying among youth ages 20-24 years (per 1,000)",SH.DYN.2024,5.1,4.9,4.5,4.1,3.7,3.4,3.3,3.2,3.2,3.1,3,2.9,2.8,2.7,2.6,2.4,2.3,2.1,1.9,1.8,1.6,1.5,1.4,1.3,1.3,1.3,1.3,1.3,1.3,1.3,1.3,1.2
Estonia,EST,"Probability of dying among youth ages 20-24 years (per 1,000)",SH.DYN.2024,8,8.6,9.2,9.6,9.7,9.4,9,8.5,8.1,7.8,7.6,7.5,7.4,7.3,7.1,6.9,6.6,6.2,5.8,5.3,4.9,4.4,4.1,3.7,3.4,3.2,2.9,2.7,2.4,2.2,2,1.8
Ethiopia,ETH,"Probability of dying among youth ages 20-24 years (per 1,000)",SH.DYN.2024,45.2,38.8,38.2,37.2,36,34.5,33,31.4,29.7,33.2,26.4,24.8,23.3,21.9,20.6,19.4,18.2,17,15.9,14.8,13.8,12.9,12,11.2,10.4,9.8,9.4,9.1,8.9,8.7,8.6,8.5
European Union,EUU,"Probability of dying among youth ages 20-24 years (per 1,000)",SH.DYN.2024,4.356776107,4.36588683,4.269759043,4.161557772,4.026323432,3.918986501,3.789460342,3.70851717,3.637095391,3.538668491,3.434798519,3.34516525,3.203220913,3.093064281,2.956795788,2.863031862,2.756574972,2.701460106,2.62409153,2.539143938,2.455176326,2.336127293,2.218654369,2.120303351,2.040798839,1.977547508,1.955974655,1.898196841,1.842471642,1.841483892,1.819961033,1.785349196
Fragile and conflict affected situations,FCS,"Probability of dying among youth ages 20-24 years (per 1,000)",SH.DYN.2024,20.83204845,19.64896175,19.48976899,19.52587873,19.0389685,18.73771694,18.73175173,17.95492721,17.64013853,17.83493182,16.96207654,16.62936512,16.26205027,15.88169831,15.4775749,15.13893725,14.79920068,14.48073095,14.69330082,13.86214909,14.06686553,13.43868043,13.60894265,13.57475884,13.41847725,13.26441909,13.03534326,12.98712092,12.93747876,12.61984399,12.34025866,12.32048796
Finland,FIN,"Probability of dying among youth ages 20-24 years (per 1,000)",SH.DYN.2024,4.8,4.6,4.3,4,3.8,3.6,3.5,3.5,3.6,3.6,3.7,3.7,3.6,3.6,3.5,3.5,3.5,3.5,3.5,3.4,3.2,3,2.8,2.7,2.5,2.5,2.6,2.7,2.8,2.9,3,2.9
Fiji,FJI,"Probability of dying among youth ages 20-24 years (per 1,000)",SH.DYN.2024,9.8,9.6,9.4,9.3,9.1,8.9,8.8,8.6,8.5,8.3,8.2,8,7.9,7.7,7.6,7.4,7.3,7.1,7,6.9,6.8,6.7,6.6,6.5,6.4,6.4,6.3,6.3,6.2,6.1,6,6
France,FRA,"Probability of dying among youth ages 20-24 years (per 1,000)",SH.DYN.2024,4.9,4.8,4.7,4.5,4.3,4.2,4,3.9,3.8,3.7,3.6,3.5,3.3,3.2,3,2.9,2.7,2.6,2.6,2.5,2.4,2.3,2.2,2.1,2,2,2,1.9,1.9,1.9,1.9,1.8
Faroe Islands,FRO,"Probability of dying among youth ages 20-24 years (per 1,000)",SH.DYN.2024,,,,,,,,,,,,,,,,,,,,,,,,,,,,,,,,
"Micronesia, Fed. Sts.",FSM,"Probability of dying among youth ages 20-24 years (per 1,000)",SH.DYN.2024,8.7,8.6,8.5,8.4,8.3,8.3,8.2,8,7.9,7.8,7.7,7.6,7.5,7.5,7.5,7.5,7.5,7.4,7.4,7.4,7.3,7.2,7.1,7,6.9,6.8,6.7,6.6,6.5,6.4,6.3,6.2
Gabon,GAB,"Probability of dying among youth ages 20-24 years (per 1,000)",SH.DYN.2024,14.1,14.3,14.4,14.5,14.5,14.5,14.3,14.2,13.9,13.7,13.4,13.2,12.9,12.6,12.2,11.9,11.5,11.1,10.6,10.2,9.8,9.5,9.2,9.1,8.9,8.8,8.7,8.6,8.5,8.4,8.3,8.2
United Kingdom,GBR,"Probability of dying among youth ages 20-24 years (per 1,000)",SH.DYN.2024,3.1,3.1,3,3,3,3,3,3,3,3,2.9,2.9,2.8,2.8,2.7,2.6,2.6,2.5,2.4,2.2,2.1,1.9,1.8,1.8,1.8,1.8,1.8,1.8,1.9,1.9,1.9,1.9
Georgia,GEO,"Probability of dying among youth ages 20-24 years (per 1,000)",SH.DYN.2024,5.7,6.3,9.4,11.3,6.7,5.8,4.9,4.3,4.1,4.2,4.2,4,3.8,3.5,3.4,3.4,3.7,4.1,5.8,4.5,4.3,3.8,3.5,3.6,4,4.3,4.4,4.2,3.9,3.8,3.8,4.1
Ghana,GHA,"Probability of dying among youth ages 20-24 years (per 1,000)",SH.DYN.2024,17.9,17.3,16.8,16.2,15.7,15.3,14.8,14.3,13.9,13.5,13.1,12.8,12.4,12.1,11.7,11.4,11,10.6,10.3,10,9.6,9.3,9,8.6,8.3,8.1,7.9,7.8,7.6,7.5,7.5,7.4
Gibraltar,GIB,"Probability of dying among youth ages 20-24 years (per 1,000)",SH.DYN.2024,,,,,,,,,,,,,,,,,,,,,,,,,,,,,,,,
Guinea,GIN,"Probability of dying among youth ages 20-24 years (per 1,000)",SH.DYN.2024,15.8,16.1,16.4,16.6,16.8,17,17.2,17.4,17.7,18,18.2,18.4,18.5,18.7,18.8,18.9,18.9,19,19.1,19.2,19.3,19.3,19.4,19.5,19.5,19.4,19.3,19.1,19,18.7,18.5,18.3
"Gambia, The",GMB,"Probability of dying among youth ages 20-24 years (per 1,000)",SH.DYN.2024,21.4,21,20.6,20.1,19.7,19.3,18.8,18.4,18,17.6,17.2,16.7,16.3,15.9,15.5,15.2,14.8,14.4,14.1,13.7,13.4,13,12.7,12.4,12.1,11.9,11.6,11.3,11.1,10.8,10.6,10.4
Guinea-Bissau,GNB,"Probability of dying among youth ages 20-24 years (per 1,000)",SH.DYN.2024,25.2,24.9,24.6,24.3,24,23.7,23.3,25.8,34.7,30.5,21.9,21.5,21.1,20.6,20.2,19.7,19.2,18.7,18.1,17.6,17.1,16.7,16.2,15.8,15.4,15.1,14.8,14.5,14.2,13.9,13.6,13.3
Equatorial Guinea,GNQ,"Probability of dying among youth ages 20-24 years (per 1,000)",SH.DYN.2024,22.3,22.2,22.1,22,21.9,21.8,21.6,21.4,21.2,20.9,20.6,20.3,19.9,19.6,19.2,18.8,18.5,18.1,17.7,17.3,17,16.6,16.3,16,15.6,15.4,15.1,14.8,14.5,14.2,13.9,13.7
Greece,GRC,"Probability of dying among youth ages 20-24 years (per 1,000)",SH.DYN.2024,4,4,3.9,3.9,3.8,3.7,3.7,3.7,3.6,3.6,3.6,3.6,3.6,3.5,3.5,3.5,3.4,3.4,3.3,3.1,3,2.8,2.6,2.5,2.3,2.2,2.1,2,1.9,1.9,1.8,1.7
Grenada,GRD,"Probability of dying among youth ages 20-24 years (per 1,000)",SH.DYN.2024,7.1,6.8,6.6,6.3,6,5.7,5.4,5.1,4.9,4.7,4.5,4.3,4.1,4,3.9,3.8,3.7,3.7,3.6,3.6,3.5,3.5,3.5,3.5,3.5,3.5,3.4,3.4,3.4,3.4,3.4,3.3
Greenland,GRL,"Probability of dying among youth ages 20-24 years (per 1,000)",SH.DYN.2024,,,,,,,,,,,,,,,,,,,,,,,,,,,,,,,,
Guatemala,GTM,"Probability of dying among youth ages 20-24 years (per 1,000)",SH.DYN.2024,12.5,12.8,12.9,12.8,12.6,12.3,12.1,11.9,11.7,11.5,11.3,11.3,11.3,11.4,11.5,11.6,11.5,11.3,10.9,10.5,10,9.6,9.2,9,8.8,8.8,8.7,8.7,8.7,8.6,8.5,8.5
Guam,GUM,"Probability of dying among youth ages 20-24 years (per 1,000)",SH.DYN.2024,,,,,,,,,,,,,,,,,,,,,,,,,,,,,,,,
Guyana,GUY,"Probability of dying among youth ages 20-24 years (per 1,000)",SH.DYN.2024,9,9,9.1,9.4,9.8,10.2,10.6,11,11.2,11.2,11.1,11,11,11,10.9,10.7,10.5,10.2,10.1,10.1,10.3,10.6,10.9,11.2,11.4,11.6,11.7,11.6,11.6,11.4,11.3,11.2
High income,HIC,"Probability of dying among youth ages 20-24 years (per 1,000)",SH.DYN.2024,4.5,4.5,4.4,4.3,4.2,4.1,4,3.9,3.8,3.8,3.7,3.6,3.6,3.5,3.5,3.5,3.4,3.4,3.3,3.2,3.1,3.1,3,2.9,2.9,2.9,2.9,2.9,2.9,3,3.1,3.2
"Hong Kong SAR, China",HKG,"Probability of dying among youth ages 20-24 years (per 1,000)",SH.DYN.2024,,,,,,,,,,,,,,,,,,,,,,,,,,,,,,,,
Honduras,HND,"Probability of dying among youth ages 20-24 years (per 1,000)",SH.DYN.2024,11.4,11.1,10.9,10.6,10.4,10.2,9.9,9.7,13.8,9.3,9.1,8.9,8.7,8.5,8.3,8.1,8,7.8,7.7,7.5,7.4,7.2,7.1,7,6.8,6.7,6.6,6.5,6.3,6.2,6.1,6
Heavily indebted poor countries (HIPC),HPC,"Probability of dying among youth ages 20-24 years (per 1,000)",SH.DYN.2024,26.17160967,24.70036411,24.63728302,24.83340858,32.42299774,23.75646591,23.7901707,22.80938782,22.30278486,22.220746,20.82571739,20.16403946,19.48360555,18.87542791,18.23123141,17.67543552,17.11710175,16.6393573,16.38877807,15.79954959,16.03188126,15.16509599,14.89143615,14.66705534,14.51326362,14.28561888,14.10314135,13.95122181,13.7473835,13.58679545,13.40685367,13.27167223
Croatia,HRV,"Probability of dying among youth ages 20-24 years (per 1,000)",SH.DYN.2024,6.4,11.7,7.6,7.4,6.7,7.3,5,4.5,4.1,3.8,3.7,3.6,3.6,3.5,3.5,3.4,3.3,3.3,3.1,3,2.8,2.6,2.5,2.3,2.2,2.1,2.1,2,2,2,2,2
Haiti,HTI,"Probability of dying among youth ages 20-24 years (per 1,000)",SH.DYN.2024,23.6,22.9,22.2,21.4,20.8,20.1,19.5,18.9,18.3,17.8,17.2,16.7,16.2,15.8,15.4,15,14.6,14.3,14.1,13.8,46.5,13.2,12.9,12.6,12.4,12.1,11.8,11.6,11.4,11.3,11.1,11
Hungary,HUN,"Probability of dying among youth ages 20-24 years (per 1,000)",SH.DYN.2024,4.9,4.9,4.7,4.4,4.1,3.8,3.5,3.4,3.3,3.2,3.1,3,2.9,2.9,2.8,2.7,2.7,2.6,2.5,2.4,2.3,2.2,2.1,2.1,2,2,2,2,2,2,2,2
IBRD only,IBD,"Probability of dying among youth ages 20-24 years (per 1,000)",SH.DYN.2024,8.007716997,7.789658933,7.774908593,7.760476846,7.682524397,7.734165588,7.680991754,7.626752134,7.665157294,7.665736929,7.641914478,7.600089085,7.455720674,7.366701898,7.331401538,7.024204495,6.886369928,6.733674446,6.52226078,6.355776432,6.132464567,5.978459483,5.78964455,5.65908534,5.518855088,5.419693627,5.306172451,5.203413474,5.06217795,4.967724733,4.860009025,4.765826395
IDA & IBRD total,IBT,"Probability of dying among youth ages 20-24 years (per 1,000)",SH.DYN.2024,10.0053301,9.782698346,9.716876262,9.734040454,10.31716295,9.659508195,9.645739885,9.553743465,9.584990122,9.608047771,9.457925843,9.33999058,9.134496388,8.958592361,8.824896807,8.552016482,8.2997915,8.099152503,7.930620627,7.676683987,7.523211051,7.327764575,7.216246208,7.117895862,7.001931947,6.93515904,6.826430306,6.761669365,6.678097992,6.596105172,6.53340615,6.509497363
IDA total,IDA,"Probability of dying among youth ages 20-24 years (per 1,000)",SH.DYN.2024,19.04521846,18.68092089,18.26492861,18.24252777,21.35210035,17.45590089,17.32241679,16.82507809,16.57545488,16.45928795,15.71176497,15.23173365,14.76868788,14.26254068,13.74885076,13.53551474,12.86548773,12.47016836,12.40403212,11.83900063,11.8594966,11.45447889,11.45153258,11.31494341,11.12994245,10.99587967,10.75319089,10.66149774,10.59956267,10.42601593,10.35197833,10.37590505
IDA blend,IDB,"Probability of dying among youth ages 20-24 years (per 1,000)",SH.DYN.2024,14.73728445,14.67903755,14.67031303,14.60878821,14.56549567,14.51557085,14.43037273,14.32856417,14.22598168,14.04025842,13.82578577,13.58398929,13.2864533,13.00073872,12.59079865,12.8862889,11.75428055,11.31542854,10.87925934,10.51762299,10.21383923,9.9552231,9.712158522,9.524391659,9.367448003,9.220457019,9.047127585,8.943157062,8.824820123,8.691190367,8.62423661,8.50679773
Indonesia,IDN,"Probability of dying among youth ages 20-24 years (per 1,000)",SH.DYN.2024,6.1,6,5.9,5.8,5.7,5.7,5.7,5.6,5.7,5.7,5.7,5.7,5.7,5.7,8.1,5.7,5.7,5.6,5.6,5.6,5.6,5.6,5.5,5.5,5.4,5.4,5.3,5.3,5.2,5.2,5.2,5.1
IDA only,IDX,"Probability of dying among youth ages 20-24 years (per 1,000)",SH.DYN.2024,21.17605737,20.65139679,20.0170173,20.00012831,24.63581646,18.88575562,18.74305476,18.0646259,17.75298238,17.67937616,16.6702322,16.07642339,15.53099578,14.91196454,14.34650322,13.87114688,13.44001539,13.06733205,13.19342552,12.52424475,12.7150844,12.23478524,12.35536188,12.24302923,12.04000067,11.90668967,11.61976641,11.52590447,11.48577007,11.28692901,11.2059914,11.29892896
Isle of Man,IMN,"Probability of dying among youth ages 20-24 years (per 1,000)",SH.DYN.2024,,,,,,,,,,,,,,,,,,,,,,,,,,,,,,,,
India,IND,"Probability of dying among youth ages 20-24 years (per 1,000)",SH.DYN.2024,14.5,14,13.5,13.2,12.9,12.6,12.4,12.1,11.9,11.7,11.5,11.3,11,10.8,10.5,10.2,10,9.7,9.3,9,8.6,8.3,7.9,7.5,7.1,6.8,6.4,6.1,5.8,5.5,5.2,5
Not classified,INX,"Probability of dying among youth ages 20-24 years (per 1,000)",SH.DYN.2024,,,,,,,,,,,,,,,,,,,,,,,,,,,,,,,,
Ireland,IRL,"Probability of dying among youth ages 20-24 years (per 1,000)",SH.DYN.2024,3.6,3.7,3.7,3.8,3.9,4,4.2,4.3,4.3,4.3,4.1,4,3.8,3.6,3.5,3.4,3.3,3.2,3.1,3,2.9,2.7,2.6,2.4,2.3,2.1,1.9,1.8,1.6,1.5,1.4,1.3
"Iran, Islamic Rep.",IRN,"Probability of dying among youth ages 20-24 years (per 1,000)",SH.DYN.2024,12.1,8.9,8.4,8,7.6,7.3,7,6.8,6.7,6.6,6.5,6.5,6.6,8.1,6.8,7,7.2,7.4,7.6,7.6,7.3,6.9,6.4,5.9,5.6,5.4,5.3,5.3,5.3,5.3,5.2,5.2
Iraq,IRQ,"Probability of dying among youth ages 20-24 years (per 1,000)",SH.DYN.2024,5.8,5.8,5.7,5.7,5.6,5.6,5.6,5.5,5.5,5.4,5.4,5.4,5.3,5.3,5.2,5.2,5.2,5.1,5.1,5,5,4.9,4.8,5.7,4.7,4.7,4.6,4.6,4.5,5.3,4.4,4.4
Iceland,ISL,"Probability of dying among youth ages 20-24 years (per 1,000)",SH.DYN.2024,3.4,3.3,3.2,3.2,3.1,3.1,3.1,3.1,3.1,3.1,3,3,2.9,2.8,2.8,2.7,2.6,2.4,2.3,2.2,2.1,2,1.9,1.9,1.8,1.7,1.7,1.6,1.6,1.5,1.4,1.4
Israel,ISR,"Probability of dying among youth ages 20-24 years (per 1,000)",SH.DYN.2024,3,3,3,3.1,3.2,3.2,3.2,3.1,3,3,3.1,3.3,3.4,3.2,2.9,2.6,2.4,2.3,2.2,2.1,1.9,1.8,1.8,1.7,1.8,1.8,1.8,1.7,1.7,1.6,1.6,1.6
Italy,ITA,"Probability of dying among youth ages 20-24 years (per 1,000)",SH.DYN.2024,3.6,3.6,3.6,3.5,3.4,3.3,3.2,3.1,3.1,3,3,2.9,2.8,2.7,2.6,2.5,2.4,2.3,2.2,2.1,2,1.9,1.8,1.7,1.6,1.6,1.6,1.5,1.4,1.4,1.3,1.2
Jamaica,JAM,"Probability of dying among youth ages 20-24 years (per 1,000)",SH.DYN.2024,7.9,7.8,7.7,7.6,7.4,7.3,7.2,7.1,7,6.9,6.8,6.7,6.6,6.6,6.5,6.5,6.4,6.4,6.3,6.2,6.2,6.1,6,5.9,5.8,5.7,5.7,5.6,5.5,5.4,5.3,5.2
Jordan,JOR,"Probability of dying among youth ages 20-24 years (per 1,000)",SH.DYN.2024,5,5,4.9,4.9,4.8,4.8,4.7,4.7,4.6,4.6,4.5,4.5,4.4,4.4,4.4,4.3,4.3,4.2,4.2,4.1,4.1,4.1,4,4,3.9,3.9,3.9,3.8,3.8,3.7,3.7,3.6
Japan,JPN,"Probability of dying among youth ages 20-24 years (per 1,000)",SH.DYN.2024,2.7,2.6,2.6,2.5,2.5,2.5,2.4,2.4,2.4,2.4,2.3,2.3,2.3,2.2,2.2,2.2,2.2,2.2,2.2,2.2,2.1,2.5,2,2,1.9,1.8,1.8,1.7,1.7,1.8,1.8,1.8
Kazakhstan,KAZ,"Probability of dying among youth ages 20-24 years (per 1,000)",SH.DYN.2024,8.5,9,9.6,10.3,11,11.5,11.9,12,11.9,11.7,11.4,11.1,11,11,11,11,10.7,10.2,9.4,8.5,7.7,7,6.4,5.9,5.4,5,4.7,4.5,4.4,4.3,4.3,4.4
Kenya,KEN,"Probability of dying among youth ages 20-24 years (per 1,000)",SH.DYN.2024,14.4,15.1,15.7,16.2,16.7,17.2,17.5,17.7,17.8,17.8,17.6,17.4,17.1,16.7,16.3,15.8,15.2,14.7,14.1,13.5,13,12.4,11.9,11.4,11,10.7,10.5,10.3,10.1,10,9.8,9.7
Kyrgyz Republic,KGZ,"Probability of dying among youth ages 20-24 years (per 1,000)",SH.DYN.2024,7.3,7.3,7.4,7.5,7.7,7.8,7.7,7.5,7.3,7,6.7,6.5,6.3,6.1,5.8,5.7,5.6,5.6,5.5,5.4,5.2,4.9,4.7,4.5,4.4,4.3,4.1,3.9,3.7,3.7,3.8,4.1
Cambodia,KHM,"Probability of dying among youth ages 20-24 years (per 1,000)",SH.DYN.2024,19.9,19.4,18.8,18.2,17.5,16.6,15.8,14.8,13.8,12.8,11.8,10.9,10,9.3,8.7,8.2,7.8,7.5,7.2,6.9,6.5,6.2,5.8,5.5,5.2,5,4.8,4.8,4.7,4.7,4.6,4.6
Kiribati,KIR,"Probability of dying among youth ages 20-24 years (per 1,000)",SH.DYN.2024,11.9,11.6,11.4,11.2,11.1,10.9,10.8,10.6,10.5,10.4,10.2,10.1,10,10,10,10,10,10,10,10,10,9.9,9.8,9.7,9.5,9.4,9.3,9.2,9,8.9,8.8,8.6
St. Kitts and Nevis,KNA,"Probability of dying among youth ages 20-24 years (per 1,000)",SH.DYN.2024,3.9,4.2,4.6,5,5.4,5.8,6.2,6.5,6.8,6.9,7.1,7.2,7.4,7.5,7.7,7.9,8.1,8.4,8.6,8.9,9.2,9.5,9.7,10,10.2,10.3,10.3,10.3,10.2,10.2,10,9.9
"Korea, Rep.",KOR,"Probability of dying among youth ages 20-24 years (per 1,000)",SH.DYN.2024,5,4.8,4.6,4.6,4.5,4.5,4.4,4.2,3.8,3.4,3.1,2.8,2.6,2.5,2.4,2.3,2.3,2.3,2.3,2.3,2.2,2.1,1.9,1.8,1.7,1.6,1.6,1.6,1.6,1.7,1.7,1.8
Kuwait,KWT,"Probability of dying among youth ages 20-24 years (per 1,000)",SH.DYN.2024,7.6,7.3,3,3.1,3.3,3.4,3.5,3.5,3.6,3.5,3.4,3.3,3.2,3.1,2.9,2.8,2.7,2.6,2.5,2.4,2.4,2.4,2.4,2.5,2.5,2.7,2.8,2.8,2.9,2.9,3,3
Latin America & Caribbean (excluding high income),LAC,"Probability of dying among youth ages 20-24 years (per 1,000)",SH.DYN.2024,9.057076849,8.720840283,8.559470636,8.438053349,8.333778839,8.259949875,8.165712166,8.088895599,8.111474145,7.92950386,7.876394158,7.799715032,7.699684105,7.530688344,7.325345305,7.175668174,7.110620318,7.086017475,7.155022459,7.222386871,7.944127965,7.21449057,7.110235987,7.023343644,6.936342232,6.959488318,6.952976734,6.957823297,6.913821363,6.894836445,6.828445943,6.777412264
Lao PDR,LAO,"Probability of dying among youth ages 20-24 years (per 1,000)",SH.DYN.2024,12.5,12.5,12.4,12.3,12.3,12.3,12.3,12.1,12,11.8,11.7,11.6,11.4,11.2,11,10.8,10.5,10.2,10,9.7,9.4,9.1,8.8,8.5,8.2,8,7.8,7.6,7.6,7.4,7.3,7.2
Lebanon,LBN,"Probability of dying among youth ages 20-24 years (per 1,000)",SH.DYN.2024,34.7,4.8,4.7,4.6,4.5,4.5,4.4,4.3,4.2,4.2,4.1,4,3.9,3.8,3.8,3.7,6.1,3.5,3.4,3.4,3.3,3.3,3.2,3.2,3.2,3.1,3.1,3.5,3,3,3,3
Liberia,LBR,"Probability of dying among youth ages 20-24 years (per 1,000)",SH.DYN.2024,84.8,22.7,22.5,22.3,22.1,21.9,21.7,21.5,21.2,21,20.7,20.4,20.1,26.5,19.4,19.1,18.7,18.4,18,17.7,17.4,17.1,16.9,16.7,16.5,18.3,16.1,16,15.9,15.7,15.6,15.4
Libya,LBY,"Probability of dying among youth ages 20-24 years (per 1,000)",SH.DYN.2024,5.3,5.2,5.1,5,4.9,4.8,4.8,4.7,4.7,4.6,4.6,4.5,4.5,4.4,4.3,4.3,4.2,4.1,4,3.9,3.8,3.7,3.7,3.6,3.5,3.5,3.4,3.4,3.4,3.3,3.3,3.2
St. Lucia,LCA,"Probability of dying among youth ages 20-24 years (per 1,000)",SH.DYN.2024,7.1,6.9,6.8,6.7,6.6,6.5,6.5,6.5,6.5,6.5,6.5,6.5,6.5,6.4,6.4,6.3,6.2,6.1,6,5.9,5.8,5.7,5.6,5.5,5.4,5.3,5.3,5.2,5.2,5.1,5.1,5
Latin America & Caribbean,LCN,"Probability of dying among youth ages 20-24 years (per 1,000)",SH.DYN.2024,8.8,8.5,8.4,8.3,8.2,8.1,8.1,8,8,7.9,7.9,7.9,7.8,7.7,7.5,7.4,7.3,7.3,7.4,7.5,8.1,7.5,7.4,7.3,7.3,7.3,7.3,7.3,7.3,7.2,7.1,7.1
Least developed countries: UN classification,LDC,"Probability of dying among youth ages 20-24 years (per 1,000)",SH.DYN.2024,22.55653684,22.00280516,21.30660949,21.2928316,26.40683337,20.10157462,19.98247688,19.2784796,18.90621187,18.90658766,17.81029279,17.18953501,16.60874196,15.93957413,15.33046955,14.81585048,14.36199304,13.98149679,14.12571316,13.37733493,13.57190484,12.99251879,12.76981485,12.52081038,12.32730053,12.27067945,11.98660772,11.84262981,11.88758089,11.75989371,11.70728307,11.83237832
Low income,LIC,"Probability of dying among youth ages 20-24 years (per 1,000)",SH.DYN.2024,26.7,24.9,24.8,25.3,40.4,24.2,24.3,23.3,22.7,22.7,21.1,20.4,19.6,19,18.3,17.7,17.2,16.7,16.4,15.9,15.5,15.3,15.6,15.6,15.4,15.3,15,14.9,14.8,14.4,14,13.9
Liechtenstein,LIE,"Probability of dying among youth ages 20-24 years (per 1,000)",SH.DYN.2024,,,,,,,,,,,,,,,,,,,,,,,,,,,,,,,,
Sri Lanka,LKA,"Probability of dying among youth ages 20-24 years (per 1,000)",SH.DYN.2024,13.4,12.7,12.1,11.6,11.2,11,10.8,10.6,10.4,10,9.5,8.7,7.8,7,12,6.1,6.2,6.7,7.1,7.5,7.4,6.6,5.6,4.6,3.8,3.2,2.9,2.7,2.6,2.5,2.5,2.5
Lower middle income,LMC,"Probability of dying among youth ages 20-24 years (per 1,000)",SH.DYN.2024,12.7,12.4,12,11.7,11.5,11.3,11.1,11,10.8,10.7,10.5,10.3,10.1,9.9,9.8,9.4,9.1,8.8,8.7,8.3,8.2,7.9,7.6,7.4,7.1,6.9,6.6,6.5,6.3,6.2,6.1,6
Low & middle income,LMY,"Probability of dying among youth ages 20-24 years (per 1,000)",SH.DYN.2024,10.07346347,9.845288054,9.78236851,9.801837331,10.39512442,9.733093478,9.725315351,9.63627778,9.669018927,9.690257558,9.532076155,9.402519647,9.185583187,9.001166553,8.862864183,8.582953027,8.323068623,8.114153494,7.93967793,7.679323853,7.520962616,7.323029379,7.208481247,7.106555661,6.989844235,6.91625708,6.804801025,6.739539442,6.658446464,6.577464949,6.514179121,6.488299311
Lesotho,LSO,"Probability of dying among youth ages 20-24 years (per 1,000)",SH.DYN.2024,17.5,18.5,19.4,20.5,21.7,23,24.4,25.8,27.1,28.5,29.5,30.4,30.9,31.1,31,30.6,29.9,29,28,27,25.8,24.7,23.4,22.1,20.9,19.7,18.8,18.2,17.8,17.5,17.2,16.9
Late-demographic dividend,LTE,"Probability of dying among youth ages 20-24 years (per 1,000)",SH.DYN.2024,5.16501297,5.065775527,5.154360767,5.267106376,5.283318774,5.456958217,5.378427079,5.348447697,5.407743052,5.387116731,5.398526541,5.351770976,5.189605038,5.05022557,4.921952423,4.754503733,4.601598525,4.498781722,4.346319822,4.246194084,4.103332617,4.037394393,3.927454027,3.900843419,3.870257908,3.815263665,3.803540806,3.780972796,3.696674346,3.682114833,3.693887858,3.639956545
Lithuania,LTU,"Probability of dying among youth ages 20-24 years (per 1,000)",SH.DYN.2024,7.3,7.7,8.2,8.5,8.7,8.7,8.6,8.4,8.2,8.1,7.9,7.7,7.6,7.4,7.2,7.1,6.9,6.7,6.5,6.1,5.8,5.5,5.1,4.8,4.5,4.2,3.9,3.7,3.5,3.4,3.3,3.2
Luxembourg,LUX,"Probability of dying among youth ages 20-24 years (per 1,000)",SH.DYN.2024,5.5,5.4,5.3,5.2,5,4.8,4.5,4.2,3.9,3.6,3.4,3.2,3,2.8,2.7,2.5,2.4,2.2,2.1,2,1.8,1.7,1.6,1.5,1.4,1.3,1.2,1.2,1.1,1.1,1,1
Latvia,LVA,"Probability of dying among youth ages 20-24 years (per 1,000)",SH.DYN.2024,8.3,8.8,9.3,9.6,9.6,9.5,9.3,9,8.6,8.2,7.9,7.5,7.1,6.7,6.3,5.9,5.5,5.2,4.9,4.6,4.3,4.1,3.9,3.8,3.8,3.7,3.7,3.7,3.7,3.6,3.6,3.5
"Macao SAR, China",MAC,"Probability of dying among youth ages 20-24 years (per 1,000)",SH.DYN.2024,,,,,,,,,,,,,,,,,,,,,,,,,,,,,,,,
St. Martin (French part),MAF,"Probability of dying among youth ages 20-24 years (per 1,000)",SH.DYN.2024,,,,,,,,,,,,,,,,,,,,,,,,,,,,,,,,
Morocco,MAR,"Probability of dying among youth ages 20-24 years (per 1,000)",SH.DYN.2024,7,6.7,6.5,6.3,6.1,5.9,5.7,5.5,5.3,5.1,4.8,4.7,4.5,4.3,4.2,4.1,3.9,3.8,3.7,3.6,3.5,3.4,3.4,3.3,3.2,3.2,3.2,3.1,3.1,3.1,3.1,3
Monaco,MCO,"Probability of dying among youth ages 20-24 years (per 1,000)",SH.DYN.2024,3.7,3.6,3.5,3.4,3.3,3.2,3.2,3.1,3,2.9,2.9,2.8,2.7,2.7,2.6,2.6,2.6,2.5,2.5,2.4,2.4,2.4,2.3,2.3,2.3,2.2,2.2,2.1,2.1,2,2,2
Moldova,MDA,"Probability of dying among youth ages 20-24 years (per 1,000)",SH.DYN.2024,8,7.8,9.3,7.5,7.2,6.9,6.6,6.3,6,5.8,5.5,5.2,5,4.8,4.6,4.5,4.4,4.4,4.3,4.2,4.1,4,4,4,4,4,4,4,4,4.1,4.1,4
Madagascar,MDG,"Probability of dying among youth ages 20-24 years (per 1,000)",SH.DYN.2024,17.5,17.1,16.8,16.4,16.1,15.8,15.5,15.3,15,14.8,14.6,14.5,14.3,14.2,14.1,14,13.8,13.7,13.6,13.4,13.2,13.1,13,12.9,12.8,12.7,12.5,12.4,12.3,12.1,11.9,11.8
Maldives,MDV,"Probability of dying among youth ages 20-24 years (per 1,000)",SH.DYN.2024,7.3,6.6,6,5.4,5,4.6,4.3,4,3.7,3.5,3.3,3.1,2.9,2.8,3.8,2.6,2.6,2.5,2.5,2.5,2.5,2.4,2.4,2.3,2.2,2.1,2,1.8,1.7,1.6,1.5,1.4
Middle East & North Africa,MEA,"Probability of dying among youth ages 20-24 years (per 1,000)",SH.DYN.2024,7.9,6.7,6.4,6.2,6.1,5.9,5.8,5.7,5.6,5.5,5.4,5.3,5.3,5.6,5.2,5.2,5.2,5.1,5.1,5,4.9,4.9,5.5,5.7,5.4,5.4,5.2,5.4,5.6,5.3,4.9,4.9
Mexico,MEX,"Probability of dying among youth ages 20-24 years (per 1,000)",SH.DYN.2024,6.9,6.8,6.7,6.5,6.4,6.3,6.2,6.1,5.9,5.6,5.4,5.3,5.2,5.1,5,5,5.1,5.3,5.7,6.1,6.4,6.4,6.3,6,5.8,5.9,6.2,6.5,6.8,7.1,7.4,7.7
Marshall Islands,MHL,"Probability of dying among youth ages 20-24 years (per 1,000)",SH.DYN.2024,8.5,8.4,8.2,8.1,8,7.9,7.9,7.9,8,8,8,8,8,8,8,7.9,7.9,7.9,7.8,7.8,7.7,7.7,7.6,7.6,7.5,7.4,7.3,7.2,7.1,7,6.9,6.7
Middle income,MIC,"Probability of dying among youth ages 20-24 years (per 1,000)",SH.DYN.2024,8.904981633,8.766033278,8.685708533,8.664484039,8.587297476,8.61717822,8.568647064,8.531083065,8.588932441,8.575798034,8.525227352,8.438068154,8.258670092,8.106685493,8.005552725,7.737616544,7.491045708,7.293823181,7.10753062,6.867422103,6.713672789,6.494693291,6.309899089,6.173405423,6.030918331,5.923410983,5.792362181,5.691806857,5.575268228,5.510512489,5.454187163,5.416251506
North Macedonia,MKD,"Probability of dying among youth ages 20-24 years (per 1,000)",SH.DYN.2024,3,3.1,3.1,3.1,3.1,3.1,3.1,3.1,3.2,3.1,3.1,3.6,3,2.8,2.7,2.6,2.5,2.4,2.3,2.2,2.1,2,1.9,1.9,1.8,1.8,1.8,1.7,1.7,1.7,1.7,1.7
Mali,MLI,"Probability of dying among youth ages 20-24 years (per 1,000)",SH.DYN.2024,18.5,18.2,18,17.8,17.6,17.4,17.2,17,16.8,16.6,16.3,16,15.7,15.4,15.1,14.8,14.5,14.2,13.9,13.7,13.4,13.3,13.1,12.9,12.8,12.6,12.5,12.3,12.1,12,11.9,11.8
Malta,MLT,"Probability of dying among youth ages 20-24 years (per 1,000)",SH.DYN.2024,2.6,2.6,2.6,2.6,2.6,2.5,2.5,2.5,2.5,2.4,2.4,2.4,2.3,2.3,2.2,2.2,2.1,2,2,1.9,1.8,1.8,1.7,1.7,1.6,1.5,1.5,1.4,1.4,1.3,1.3,1.2
Myanmar,MMR,"Probability of dying among youth ages 20-24 years (per 1,000)",SH.DYN.2024,12.7,12.8,12.8,12.8,12.8,12.8,12.7,12.6,12.5,12.4,12.2,12,11.8,11.5,11.1,10.7,10.3,9.8,14.9,8.9,8.4,7.9,7.5,7,6.6,6.3,6.1,6,5.9,5.8,5.7,7.3
Middle East & North Africa (excluding high income),MNA,"Probability of dying among youth ages 20-24 years (per 1,000)",SH.DYN.2024,8.183470282,6.792585754,6.527964994,6.32337856,6.245438589,6.009318989,5.890996282,5.742655001,5.654122819,5.534949946,5.426792094,5.388168664,5.364834045,5.685800052,5.305846683,5.274960513,5.272450327,5.194837226,5.162505132,5.117744183,4.997911649,5.010199783,5.649040833,5.772216279,5.505981026,5.557718967,5.385555303,5.606872117,5.895500117,5.525685669,5.103322055,5.07165849
Montenegro,MNE,"Probability of dying among youth ages 20-24 years (per 1,000)",SH.DYN.2024,4,4,3.9,3.8,3.7,3.6,3.6,3.6,3.5,3.5,3.5,3.5,3.4,3.3,3.2,3.1,3,2.9,2.8,2.6,2.5,2.4,2.3,2.2,2.2,2.2,2.2,2.2,2.2,2.2,2.2,2.3
Mongolia,MNG,"Probability of dying among youth ages 20-24 years (per 1,000)",SH.DYN.2024,10.4,10.9,11.4,11.7,11.8,11.7,11.2,10.6,9.8,8.9,8.2,7.7,7.4,7.3,7.3,7.3,7.3,7.2,7,6.8,6.5,6.2,6,5.7,5.5,5.2,5,4.7,4.5,4.3,4.1,4
Northern Mariana Islands,MNP,"Probability of dying among youth ages 20-24 years (per 1,000)",SH.DYN.2024,,,,,,,,,,,,,,,,,,,,,,,,,,,,,,,,
Mozambique,MOZ,"Probability of dying among youth ages 20-24 years (per 1,000)",SH.DYN.2024,19.6,19.5,19.4,19.4,19.5,19.7,19.9,20.3,20.5,20.9,21.1,21.4,21.6,21.7,21.9,22.2,22.3,22.6,22.9,23.1,23.4,23.5,23.5,23.3,23,22.8,22.5,22.2,22,21.7,21.5,21.2
Mauritania,MRT,"Probability of dying among youth ages 20-24 years (per 1,000)",SH.DYN.2024,11.3,10.8,10.3,9.8,9.4,9.1,8.7,8.5,8.2,8,7.7,7.5,7.4,7.2,7.1,7.1,7,7,7,7,7.1,7.1,7.2,7.3,7.3,7.4,7.5,7.6,7.7,7.7,7.7,7.7
Mauritius,MUS,"Probability of dying among youth ages 20-24 years (per 1,000)",SH.DYN.2024,5,5,5,4.9,4.9,4.8,4.7,4.5,4.4,4.3,4.3,4.2,4.1,4.1,4.1,4.1,4.1,4.2,4.2,4.2,4.3,4.3,4.4,4.4,4.5,4.5,4.6,4.6,4.7,4.8,4.8,4.9
Malawi,MWI,"Probability of dying among youth ages 20-24 years (per 1,000)",SH.DYN.2024,22.6,23.8,25,26.3,27.7,29,30.1,30.9,31.2,31,30.2,29.2,27.8,26.4,24.9,23.6,22.3,21.1,20,19,18.1,17.2,16.4,15.5,14.7,13.9,13.2,12.6,12.1,11.6,11.3,11.1
Malaysia,MYS,"Probability of dying among youth ages 20-24 years (per 1,000)",SH.DYN.2024,6.8,6.3,6,5.9,5.9,6,6,5.8,5.6,5.3,5.2,5.1,5.1,5,4.7,4.5,4.3,4.1,4.1,4,4,3.9,3.7,3.7,3.6,3.6,3.7,3.6,3.5,3.3,3.3,3.4
North America,NAC,"Probability of dying among youth ages 20-24 years (per 1,000)",SH.DYN.2024,5.4,5.3,5.3,5.3,5.2,5.1,4.9,4.8,4.6,4.5,4.5,4.5,4.6,4.6,4.7,4.7,4.7,4.6,4.5,4.3,4.2,4.1,4,4,4.1,4.3,4.4,4.5,4.5,4.6,4.9,5.3
Namibia,NAM,"Probability of dying among youth ages 20-24 years (per 1,000)",SH.DYN.2024,16.4,16.6,16.8,17,17.4,17.7,18.1,18.4,18.8,19.2,19.5,19.7,19.8,19.7,19.5,19.1,18.7,18.3,17.9,17.4,17,16.6,16.2,15.9,15.7,15.4,15.2,15,14.7,14.6,14.3,14.2
New Caledonia,NCL,"Probability of dying among youth ages 20-24 years (per 1,000)",SH.DYN.2024,,,,,,,,,,,,,,,,,,,,,,,,,,,,,,,,
Niger,NER,"Probability of dying among youth ages 20-24 years (per 1,000)",SH.DYN.2024,20.7,20.6,20.5,20.4,20.4,20.4,20.5,20.5,20.6,20.7,20.7,20.7,20.6,20.5,20.3,20.1,19.9,19.7,19.5,19.2,18.9,18.7,18.5,18.2,18,17.9,17.7,17.5,17.2,17,16.8,16.6
Nigeria,NGA,"Probability of dying among youth ages 20-24 years (per 1,000)",SH.DYN.2024,21.1,20.6,20.2,19.7,19.3,18.9,18.5,18.1,17.7,17.3,16.9,16.5,16.1,15.8,15.4,15.1,14.7,14.4,14,13.7,13.4,13.1,12.7,12.4,12,11.7,11.3,11,10.8,10.5,10.4,10.2
Nicaragua,NIC,"Probability of dying among youth ages 20-24 years (per 1,000)",SH.DYN.2024,13.9,11.9,11.6,11.3,11,10.7,10.4,10.1,11.1,9.5,9.3,9,8.8,8.6,8.4,8.2,8,7.8,7.6,7.4,7.3,7.1,6.9,6.7,6.6,6.4,6.2,6,5.9,5.7,5.5,5.4
Netherlands,NLD,"Probability of dying among youth ages 20-24 years (per 1,000)",SH.DYN.2024,2.6,2.5,2.5,2.5,2.5,2.5,2.4,2.4,2.4,2.4,2.3,2.3,2.2,2.1,2,1.9,1.8,1.7,1.6,1.6,1.5,1.5,1.5,1.4,1.4,1.4,1.4,1.4,1.4,1.4,1.4,1.4
Norway,NOR,"Probability of dying among youth ages 20-24 years (per 1,000)",SH.DYN.2024,3.3,3.2,3.1,3,3,3,3.1,3.2,3.3,3.5,3.6,3.6,3.5,3.4,3.3,3.1,3,2.9,2.8,2.8,2.6,2.5,2.3,2.1,2,1.9,1.9,1.8,1.8,1.9,1.9,1.8
Nepal,NPL,"Probability of dying among youth ages 20-24 years (per 1,000)",SH.DYN.2024,10.3,10.1,9.9,9.7,9.5,9.3,9.1,8.9,8.6,8.4,8.2,8,9.8,7.7,7.5,7.3,7.2,7.1,6.9,6.8,6.7,6.5,6.4,6.3,6.1,7.2,5.9,5.8,5.8,5.7,5.6,5.6
Nauru,NRU,"Probability of dying among youth ages 20-24 years (per 1,000)",SH.DYN.2024,10.1,9.9,9.6,9.4,9.2,8.9,8.7,8.6,8.4,8.2,8.1,7.9,7.8,7.8,7.7,7.7,7.6,7.6,7.6,7.6,7.6,7.5,7.4,7.3,7.2,7.1,7,6.9,6.8,6.7,6.6,6.5
New Zealand,NZL,"Probability of dying among youth ages 20-24 years (per 1,000)",SH.DYN.2024,6.3,6.1,5.9,5.6,5.4,5.2,4.9,4.7,4.5,4.2,4,3.9,3.8,3.7,3.6,3.6,3.5,3.5,3.4,3.4,3.3,3.2,3,2.9,2.8,2.8,2.8,2.8,2.8,2.8,2.7,2.7
OECD members,OED,"Probability of dying among youth ages 20-24 years (per 1,000)",SH.DYN.2024,5.21887125,5.124027608,5.022890702,4.891360312,4.788172452,4.686562114,4.569550696,4.471822498,4.40162627,4.389528547,4.243292697,4.190758102,4.095208558,4.010075443,3.900718493,3.834414581,3.771102774,3.727418947,3.696440994,3.643560565,3.582745379,3.52540898,3.423168583,3.350165764,3.319168867,3.353096179,3.444197206,3.44937831,3.476108231,3.541681443,3.66943779,3.793506625
Oman,OMN,"Probability of dying among youth ages 20-24 years (per 1,000)",SH.DYN.2024,5.2,5,4.8,4.7,4.5,4.4,4.2,4.1,4,3.9,3.8,3.7,3.6,3.6,3.5,3.5,3.4,3.4,3.4,3.4,3.4,3.4,3.3,3.3,3.3,3.3,3.3,3.3,3.3,3.2,3.2,3.2
Other small states,OSS,"Probability of dying among youth ages 20-24 years (per 1,000)",SH.DYN.2024,14.00119723,14.24133647,14.45525973,14.63608403,14.82683899,14.99990263,15.04235304,15.25144462,15.76124162,15.44655774,14.80674589,14.64713568,14.44347378,14.18841447,13.84951012,13.39765878,12.85938762,12.30700345,11.80734566,11.4135955,11.1382752,10.8354166,10.53298229,10.25216082,9.996145752,9.759513595,9.546771544,9.385114711,9.294941207,9.257682273,9.325741364,9.450763734
Pakistan,PAK,"Probability of dying among youth ages 20-24 years (per 1,000)",SH.DYN.2024,10.8,10.7,10.6,10.5,10.4,10.3,10.2,10.1,10,9.9,9.8,9.7,9.5,9.3,8.9,10.2,8.1,7.6,7.2,6.9,6.7,6.6,6.5,6.4,6.4,6.3,6.2,6.2,6.1,6,6,5.9
Panama,PAN,"Probability of dying among youth ages 20-24 years (per 1,000)",SH.DYN.2024,6.6,6.8,7,7.2,7.4,7.4,7.2,7,6.7,6.4,6.2,6,5.9,5.9,5.9,6.1,6.5,6.9,7.3,7.6,7.8,7.7,7.5,7.2,6.9,6.6,6.3,6.1,6,6,6,6
Peru,PER,"Probability of dying among youth ages 20-24 years (per 1,000)",SH.DYN.2024,9.7,9.4,9,8.7,8.3,8,7.7,7.3,7.1,6.8,6.5,6.3,6.1,5.9,5.8,5.6,5.5,5.3,5.1,5,4.8,4.7,4.6,4.6,4.5,4.5,4.4,4.4,4.3,4.3,4.2,4.2
Philippines,PHL,"Probability of dying among youth ages 20-24 years (per 1,000)",SH.DYN.2024,8.9,8.5,8,7.5,7.2,6.9,6.6,6.5,6.4,6.4,6.5,6.5,6.5,6.5,6.4,6.4,6.4,6.4,6.3,6.3,6.3,6.2,6.1,6,6,6,5.9,5.9,5.8,5.8,5.7,5.6
Palau,PLW,"Probability of dying among youth ages 20-24 years (per 1,000)",SH.DYN.2024,9.8,9.8,9.8,9.8,9.9,10,10.1,10.3,10.5,10.8,11,11.3,11.7,12.1,12.5,13,13.5,14,14.6,15.1,15.7,16.4,17,17.6,18.3,19,19.6,20.2,20.8,21.1,21.2,21.2
Papua New Guinea,PNG,"Probability of dying among youth ages 20-24 years (per 1,000)",SH.DYN.2024,11.4,11.3,11.2,11.1,11,10.9,10.8,10.7,11.9,10.6,10.5,10.4,10.3,10.2,10.1,10,9.9,9.8,9.7,9.6,9.5,9.3,9.2,9.1,9,8.9,8.8,8.6,8.5,8.4,8.2,8.1
Poland,POL,"Probability of dying among youth ages 20-24 years (per 1,000)",SH.DYN.2024,5,5,4.9,4.7,4.5,4.3,4.3,4.2,4.2,4.1,3.9,3.8,3.6,3.5,3.4,3.4,3.4,3.5,3.4,3.4,3.4,3.3,3.2,3.1,3,2.9,2.9,2.8,2.8,2.9,2.9,3
Pre-demographic dividend,PRE,"Probability of dying among youth ages 20-24 years (per 1,000)",SH.DYN.2024,22.39817983,21.8087943,21.74774793,21.93111068,21.44845326,21.33825487,21.43469118,20.70476027,20.39491274,20.01074079,19.59081455,19.18703723,18.73563489,18.33502821,17.85303551,17.443229,17.00887251,16.66409484,16.45639889,15.962404,15.68883737,15.42718131,15.16308658,15.00023138,14.80379717,14.5906037,14.37938992,14.19623519,13.98057896,13.83308649,13.60899641,13.45276662
Puerto Rico,PRI,"Probability of dying among youth ages 20-24 years (per 1,000)",SH.DYN.2024,,,,,,,,,,,,,,,,,,,,,,,,,,,,,,,,
"Korea, Dem. People's Rep.",PRK,"Probability of dying among youth ages 20-24 years (per 1,000)",SH.DYN.2024,8.1,8.6,9.1,9.7,10.2,10.5,10.7,10.7,10.5,10.1,9.6,8.9,8.3,7.7,7.3,7.1,7,7,7,6.9,6.7,6.5,6.3,6,5.8,5.7,5.5,5.4,5.3,5.1,5,4.8
Portugal,PRT,"Probability of dying among youth ages 20-24 years (per 1,000)",SH.DYN.2024,6.3,6.3,6.3,6.2,6.1,6,5.8,5.7,5.4,5.1,4.7,4.3,4,3.7,3.4,3.2,3,2.8,2.7,2.5,2.3,2.2,2,1.9,1.8,1.7,1.7,1.7,1.7,1.7,1.7,1.7
Paraguay,PRY,"Probability of dying among youth ages 20-24 years (per 1,000)",SH.DYN.2024,10,9.8,9.7,9.5,9.3,9.2,9.1,8.9,8.8,8.7,8.6,8.5,8.4,8.3,8.2,8.1,8,7.9,7.8,7.7,7.5,7.4,7.3,7.2,7.1,7,6.8,6.7,6.6,6.5,6.4,6.3
West Bank and Gaza,PSE,"Probability of dying among youth ages 20-24 years (per 1,000)",SH.DYN.2024,6.6,5.4,5.3,5.2,5.1,5.8,5,4.9,4.9,4.8,4.7,4.7,4.6,4.6,4.5,4.5,4.4,4.4,4.3,4.3,4.2,4.2,4.1,4.1,8.4,4,3.9,3.9,5,3.8,3.7,4.2
Pacific island small states,PSS,"Probability of dying among youth ages 20-24 years (per 1,000)",SH.DYN.2024,9.635269961,9.364254805,9.117891035,8.951252577,8.732293346,8.534811065,8.387146081,8.202821201,8.078164752,7.904619489,7.797662939,7.632489677,7.557777042,7.439837541,7.351393622,7.241316586,7.180974225,7.046457112,6.953043738,7.071516583,6.801063937,6.704634327,6.609099283,6.516488977,6.411114044,6.364097755,6.272465713,6.207155248,6.11252488,6.028847925,5.965889502,5.889929696
Post-demographic dividend,PST,"Probability of dying among youth ages 20-24 years (per 1,000)",SH.DYN.2024,4.544551071,4.524523402,4.784154857,4.667149221,4.437569479,4.314922969,4.158425234,4.055916616,3.989580799,3.927887478,3.876993303,3.829927894,3.749583026,3.710476522,3.639668697,3.616592081,3.571096641,3.507851166,3.408715146,3.252759522,3.103275135,3.026582888,2.916562981,2.86637685,2.878123883,2.870528109,2.881886637,2.873697179,2.853454021,2.896902707,3.029183523,3.163299684
French Polynesia,PYF,"Probability of dying among youth ages 20-24 years (per 1,000)",SH.DYN.2024,,,,,,,,,,,,,,,,,,,,,,,,,,,,,,,,
Qatar,QAT,"Probability of dying among youth ages 20-24 years (per 1,000)",SH.DYN.2024,3.4,3.4,3.4,3.5,3.5,3.6,3.6,3.7,3.7,3.7,3.8,3.8,3.8,3.8,3.7,3.6,3.5,3.3,3.1,2.9,2.7,2.6,2.4,2.2,2.1,2,1.8,1.7,1.6,1.5,1.4,1.3
Romania,ROU,"Probability of dying among youth ages 20-24 years (per 1,000)",SH.DYN.2024,5.1,4.8,4.8,4.8,4.8,4.8,4.6,4.4,4.1,3.9,3.7,3.7,3.6,3.4,3.2,3.2,3.3,3.5,3.8,4,4.1,3.9,3.6,3.3,3.1,2.9,2.8,2.7,2.6,2.6,2.7,2.9
Russian Federation,RUS,"Probability of dying among youth ages 20-24 years (per 1,000)",SH.DYN.2024,8.5,9.2,10.3,11.6,12.5,14.7,12.6,12.8,13.3,13.8,14.1,13.9,13.4,12.6,12,11.5,11,10.3,9.5,8.8,8.3,7.9,7.5,7.2,6.7,6.2,5.7,5.2,4.9,4.8,4.7,4.8
Rwanda,RWA,"Probability of dying among youth ages 20-24 years (per 1,000)",SH.DYN.2024,36.1,38.6,41.6,44.9,569.3,50.1,50.1,47.5,42.4,36.1,30.1,25.1,21.1,18.1,15.9,14.1,12.7,11.6,10.7,10.1,9.7,9.4,9.2,9,8.8,8.4,7.9,7.4,6.8,6.3,5.9,5.7
South Asia,SAS,"Probability of dying among youth ages 20-24 years (per 1,000)",SH.DYN.2024,14.2,14,13.3,12.9,12.6,12.2,11.9,11.7,11.5,11.3,11.1,10.8,10.5,10.2,9.9,9.8,9.3,9,8.7,8.4,8.2,7.9,7.6,7.3,7,6.7,6.4,6.1,5.9,5.7,5.5,5.4
Saudi Arabia,SAU,"Probability of dying among youth ages 20-24 years (per 1,000)",SH.DYN.2024,6.9,6.8,6.7,6.6,6.5,6.5,6.4,6.3,6.3,6.2,6.1,6.1,6,6,6,5.9,5.9,5.8,5.8,5.7,5.7,5.6,5.6,5.5,5.5,5.4,5.4,5.4,5.3,5.3,5.2,5.2
Sudan,SDN,"Probability of dying among youth ages 20-24 years (per 1,000)",SH.DYN.2024,26.4,26.2,25.9,25.6,25.2,24.9,24.6,24.2,23.8,23.3,22.9,22.4,22,21.5,21.1,20.6,20.2,19.8,22.5,19.1,18.8,18.5,18.2,17.9,17.6,17.3,16.9,16.6,16.3,16,15.7,15.4
Senegal,SEN,"Probability of dying among youth ages 20-24 years (per 1,000)",SH.DYN.2024,13.9,13.6,13.3,13,12.7,12.4,12.1,11.9,11.7,11.4,11.2,10.9,10.7,10.4,10.1,9.8,9.5,9.1,8.7,8.4,8,7.6,7.3,6.9,6.6,6.3,6,5.8,5.7,5.6,5.5,5.4
Singapore,SGP,"Probability of dying among youth ages 20-24 years (per 1,000)",SH.DYN.2024,3.5,3.2,2.9,2.8,2.7,2.6,2.5,2.5,2.4,2.4,2.4,2.4,2.4,2.4,2.3,2.2,2,1.9,1.8,1.8,1.7,1.6,1.6,1.5,1.4,1.4,1.3,1.3,1.2,1.2,1.2,1.1
Solomon Islands,SLB,"Probability of dying among youth ages 20-24 years (per 1,000)",SH.DYN.2024,7.7,7.6,7.5,7.4,7.3,7.2,7.1,7,7,6.9,6.9,6.8,6.8,6.8,6.7,6.7,6.7,6.6,6.5,6.5,6.4,6.3,6.2,6.1,6,5.9,5.8,5.7,5.6,5.5,5.5,5.4
Sierra Leone,SLE,"Probability of dying among youth ages 20-24 years (per 1,000)",SH.DYN.2024,31.5,30.9,30.3,29.8,29.2,34.7,28,27.3,26.5,26.1,26,26,26.2,26.4,26.4,26.3,25.9,25.5,24.9,24.4,23.8,23.3,22.8,22.4,22,21.5,20.7,19.8,19,18.4,18,17.6
El Salvador,SLV,"Probability of dying among youth ages 20-24 years (per 1,000)",SH.DYN.2024,18.9,12.6,11.6,11.2,11.3,11.7,11.9,12,12,11.9,11.8,11.8,11.8,11.9,12.1,12.2,12.1,11.6,11,10.3,9.6,8.9,8.4,8.5,9.1,9.8,10.1,9.7,8.9,7.8,6.8,6.2
San Marino,SMR,"Probability of dying among youth ages 20-24 years (per 1,000)",SH.DYN.2024,5.5,5.2,4.9,4.6,4.3,4,3.8,3.6,3.4,3.2,3,2.9,2.7,2.6,2.5,2.4,2.3,2.2,2.1,2,1.9,1.9,1.8,1.7,1.7,1.6,1.6,1.5,1.5,1.5,1.4,1.4
Somalia,SOM,"Probability of dying among youth ages 20-24 years (per 1,000)",SH.DYN.2024,32.1,31.7,31.4,31.3,31.3,31.3,31.3,31.3,31.3,31.3,31.3,31.3,31.3,31.3,31.3,31.3,31.2,31,30.6,30.1,29.5,29,28.4,27.9,31.1,26.8,26.3,25.7,25.3,24.8,24.3,23.9
Serbia,SRB,"Probability of dying among youth ages 20-24 years (per 1,000)",SH.DYN.2024,4,4.5,4.7,4.2,3.6,3.3,3.4,3.8,4.2,4.3,4.2,3.8,3.4,3.3,3.3,3.4,3.4,3.4,3.2,2.9,2.7,2.6,2.5,2.4,2.4,2.3,2.2,2.2,2.2,2.2,2.3,2.4
Sub-Saharan Africa (excluding high income),SSA,"Probability of dying among youth ages 20-24 years (per 1,000)",SH.DYN.2024,23.78606835,22.94748982,23.06601631,23.36522088,28.84627993,22.9671488,23.12633146,22.54044427,22.20957992,22.26476969,21.32437819,20.87303591,20.39600488,19.94934729,19.39684806,18.88084828,18.29304189,17.73030628,17.28452515,16.60072271,16.09076379,15.61382493,15.15947274,14.77009631,14.44133044,14.10098394,13.80403551,13.56744185,13.32506963,13.12196205,12.94343055,12.78506231
South Sudan,SSD,"Probability of dying among youth ages 20-24 years (per 1,000)",SH.DYN.2024,39.5,39,38.5,37.9,37.3,36.6,35.9,35.1,34.2,33.3,32.3,31.3,30.3,29.3,28.4,27.5,26.7,25.9,25.1,24.3,23.6,23,22.5,22.2,22.2,22.2,22.2,22.2,22.2,22.2,22.2,22.2
Sub-Saharan Africa,SSF,"Probability of dying among youth ages 20-24 years (per 1,000)",SH.DYN.2024,23.9,23,23.1,23.5,32.5,23,23.1,22.6,22.2,22.3,21.3,20.9,20.4,20,19.4,18.9,18.3,17.7,17.3,16.6,16.1,15.6,15.2,14.8,14.5,14.1,13.8,13.6,13.3,13.1,12.9,12.8
Small states,SST,"Probability of dying among youth ages 20-24 years (per 1,000)",SH.DYN.2024,12.06974372,12.24706363,12.39770595,12.53116126,12.66514032,12.80199352,12.85796011,13.03546407,13.42631906,13.22155393,12.77173554,12.65360956,12.50569861,12.3257598,12.08780404,11.78558276,11.43422663,11.07226648,10.72685402,10.44978341,10.22100702,9.973570198,9.725131605,9.495608714,9.28522675,9.096032347,8.932159852,8.795792904,8.744231064,8.684812779,8.692486809,8.761881759
Sao Tome and Principe,STP,"Probability of dying among youth ages 20-24 years (per 1,000)",SH.DYN.2024,14.5,14.2,13.9,13.6,13.4,13.2,12.9,12.8,12.6,12.5,12.3,12.2,12.1,12.1,12,12,12.1,12.1,12.3,12.5,12.8,13.1,13.3,13.4,13.3,13.2,13.1,12.9,12.7,12.6,12.4,12.3
Suriname,SUR,"Probability of dying among youth ages 20-24 years (per 1,000)",SH.DYN.2024,8.8,8.9,8.9,8.8,8.6,8.3,8.1,7.9,7.8,7.9,8,8.1,8.2,8.4,8.5,8.6,8.6,8.6,8.4,8.2,7.9,7.5,7.1,6.8,6.5,6.4,6.3,6.3,6.4,6.5,6.5,6.5
Slovak Republic,SVK,"Probability of dying among youth ages 20-24 years (per 1,000)",SH.DYN.2024,4,4,3.9,3.9,3.8,3.8,3.7,3.6,3.6,3.5,3.4,3.3,3.2,3.2,3.1,3,3,2.9,2.9,2.8,2.8,2.7,2.7,2.6,2.6,2.6,2.5,2.5,2.5,2.4,2.4,2.4
Slovenia,SVN,"Probability of dying among youth ages 20-24 years (per 1,000)",SH.DYN.2024,5.2,5.1,5.1,5,4.9,4.8,4.6,4.5,4.4,4.2,4.1,4,3.9,3.7,3.6,3.5,3.3,3.2,3,2.8,2.7,2.6,2.4,2.3,2.2,2.1,2,1.9,1.8,1.7,1.6,1.5
Sweden,SWE,"Probability of dying among youth ages 20-24 years (per 1,000)",SH.DYN.2024,3,2.8,2.7,2.5,2.4,2.3,2.3,2.3,2.4,2.4,2.5,2.5,2.6,2.6,2.6,2.5,2.5,2.4,2.4,2.3,2.3,2.2,2.2,2.2,2.1,2.1,2.2,2.2,2.2,2.2,2.2,2.2
Eswatini,SWZ,"Probability of dying among youth ages 20-24 years (per 1,000)",SH.DYN.2024,17.3,16.8,16.5,16.1,15.9,15.6,15.4,15.3,15.2,15.1,15.1,15.1,15.2,15.3,15.3,15.4,15.5,15.6,15.7,15.8,15.9,15.9,16,15.9,15.8,15.7,15.5,15.3,15.1,14.8,14.5,14.3
Sint Maarten (Dutch part),SXM,"Probability of dying among youth ages 20-24 years (per 1,000)",SH.DYN.2024,,,,,,,,,,,,,,,,,,,,,,,,,,,,,,,,
Seychelles,SYC,"Probability of dying among youth ages 20-24 years (per 1,000)",SH.DYN.2024,5.6,5.5,5.4,5.3,5.3,5.2,5.2,5.1,5.1,5,4.9,4.8,4.7,4.5,4.4,4.3,4.2,4,3.9,3.8,3.8,3.7,3.7,3.7,3.7,3.8,3.8,3.8,3.8,3.8,3.8,3.7
Syrian Arab Republic,SYR,"Probability of dying among youth ages 20-24 years (per 1,000)",SH.DYN.2024,6.1,5.9,5.7,5.5,5.3,5,4.7,4.4,4.1,3.8,3.5,3.2,3,2.9,2.8,2.9,2.9,2.9,2.9,2.9,2.8,4.2,17.4,24.4,25.7,21.1,19.2,21.2,14.6,8.9,6.7,5.4
Turks and Caicos Islands,TCA,"Probability of dying among youth ages 20-24 years (per 1,000)",SH.DYN.2024,5.5,5.4,5.2,5.1,5,4.9,4.7,4.6,4.5,4.4,4.3,4.2,4.1,4,4,3.9,3.8,3.7,3.7,3.6,3.6,3.5,3.5,3.4,3.4,3.4,3.3,3.3,3.2,3.2,3.1,3.1
Chad,TCD,"Probability of dying among youth ages 20-24 years (per 1,000)",SH.DYN.2024,31,17.6,18,18.3,18.7,19,19.3,19.5,19.7,19.9,20.1,20.2,20.3,20.4,20.5,20.6,20.6,20.7,20.7,20.7,20.6,20.6,20.5,20.4,20.3,20.2,20.1,19.9,19.7,19.4,19.2,18.9
East Asia & Pacific (IDA & IBRD countries),TEA,"Probability of dying among youth ages 20-24 years (per 1,000)",SH.DYN.2024,4.791871479,4.713734467,4.710465244,4.718959268,4.672281092,4.70919186,4.726924569,4.64500519,4.665431531,4.592334644,4.589473449,4.580505062,4.478757444,4.432994633,4.644435241,4.260073055,4.132404204,4.056990594,4.079018047,3.873436043,3.756853327,3.726077162,3.640465996,3.646362847,3.651934581,3.626481322,3.641457404,3.66486465,3.595382616,3.599319142,3.596532366,3.626732816
Europe & Central Asia (IDA & IBRD countries),TEC,"Probability of dying among youth ages 20-24 years (per 1,000)",SH.DYN.2024,6.969378935,7.332436979,8.580918248,9.003045213,8.771791702,9.229162815,8.386099672,8.300804941,8.35460039,8.601286039,8.421144069,8.238898004,7.949714235,7.559749679,7.260112587,7.015912559,6.791946462,6.536108205,6.175323256,5.775824023,5.509773656,5.223234502,4.949790065,4.719414359,4.510073224,4.198790655,4.055067262,3.720342931,3.559287534,3.479300418,3.601897195,3.491197263
Togo,TGO,"Probability of dying among youth ages 20-24 years (per 1,000)",SH.DYN.2024,12.9,12.8,12.9,13,13.1,13.2,13.3,13.4,13.6,13.7,13.7,13.8,13.7,13.7,13.5,13.4,13.2,13,12.8,12.5,12.2,11.9,11.6,11.3,11,10.9,10.7,10.5,10.4,10.3,10.1,10
Thailand,THA,"Probability of dying among youth ages 20-24 years (per 1,000)",SH.DYN.2024,9,9.8,10.7,11.8,13,13.8,14,13.4,12.7,12.1,11.6,11.3,10.9,10.4,9.8,9.2,8.6,8.1,7.7,7.4,7.2,7,6.8,6.7,6.7,6.8,6.8,6.8,6.8,6.7,6.6,6.5
Tajikistan,TJK,"Probability of dying among youth ages 20-24 years (per 1,000)",SH.DYN.2024,6.8,8.2,9.7,10.9,11.6,11.4,10.5,9.3,8.1,6.9,7,5.2,4.7,4.2,3.9,3.7,3.4,3.2,3,2.9,3.4,3.3,2.5,2.4,2.3,2.3,2.3,2.3,2.4,2.5,2.5,2.6
Turkmenistan,TKM,"Probability of dying among youth ages 20-24 years (per 1,000)",SH.DYN.2024,7.9,8,8.1,8.3,8.4,8.7,9,9.2,9.4,9.4,9.3,9.2,9.1,9.1,9,8.9,8.7,8.3,7.9,7.4,7.1,6.9,6.7,6.6,6.4,6.3,6.1,6,5.9,5.9,5.8,5.7
Latin America & the Caribbean (IDA & IBRD countries),TLA,"Probability of dying among youth ages 20-24 years (per 1,000)",SH.DYN.2024,8.88077992,8.596238891,8.467495686,8.369281236,8.285358094,8.218266455,8.113752994,8.033030849,8.06331404,7.921838734,7.922978219,7.911285221,7.870936899,7.745265762,7.562886086,7.432686699,7.3927302,7.399329061,7.484641934,7.557542636,8.231554436,7.550320565,7.46339078,7.395122994,7.33176021,7.367964108,7.357178253,7.352895697,7.280233524,7.218843315,7.14789046,7.105044486
Timor-Leste,TLS,"Probability of dying among youth ages 20-24 years (per 1,000)",SH.DYN.2024,12.2,13.2,14.3,15.3,16.2,16.8,17,16.6,15.7,14.2,12.4,10.8,9.4,8.2,7.3,6.6,6.2,5.9,5.9,6,6.4,7,7.9,9.2,10.9,12.8,14.4,15.4,15.9,16,16,15.9
Middle East & North Africa (IDA & IBRD countries),TMN,"Probability of dying among youth ages 20-24 years (per 1,000)",SH.DYN.2024,8.197021031,6.804657946,6.538826852,6.333588487,6.256129884,6.011312893,5.899640699,5.750951339,5.661483026,5.542044444,5.433728374,5.394673645,5.37203563,5.696024825,5.313456429,5.282338464,5.280859694,5.202638541,5.171209143,5.126266817,5.006524336,5.019297244,5.667165537,5.79255771,5.469450036,5.578049253,5.40544723,5.630031401,5.907780687,5.549501697,5.12280467,5.083843781
Tonga,TON,"Probability of dying among youth ages 20-24 years (per 1,000)",SH.DYN.2024,4.3,4.4,4.4,4.5,4.5,4.5,4.6,4.6,4.7,4.7,4.8,4.9,5.1,5.2,5.3,5.4,5.4,5.4,5.3,5.3,5.2,5.2,5.2,5.2,5.3,5.3,5.4,5.4,5.5,5.5,5.5,5.5
South Asia (IDA & IBRD),TSA,"Probability of dying among youth ages 20-24 years (per 1,000)",SH.DYN.2024,14.21578648,13.97773009,13.27939923,12.95996547,12.60091535,12.2193043,11.9571695,11.67769171,11.50355255,11.30936237,11.07327455,10.81670384,10.50373803,10.2065969,9.933099113,9.723730117,9.309533951,9.018607969,8.670690858,8.433610614,8.137967317,7.934625202,7.627340066,7.306236599,6.981620791,6.728901662,6.358577499,6.107665634,5.879768129,5.686460503,5.543843098,5.455942385
Sub-Saharan Africa (IDA & IBRD countries),TSS,"Probability of dying among youth ages 20-24 years (per 1,000)",SH.DYN.2024,23.78339251,22.94501332,23.06360498,23.36279027,28.84309634,22.96472955,23.12389877,22.53808593,22.20723456,22.26241824,21.32221551,20.87100757,20.39407186,19.94759572,19.39525496,18.87937782,18.29166979,17.72900497,17.28325526,16.59954073,16.08963296,15.61278482,15.15849159,14.76915878,14.44042567,14.10011667,13.8032055,13.5666534,13.3243388,13.121293,12.94281797,12.78449559
Trinidad and Tobago,TTO,"Probability of dying among youth ages 20-24 years (per 1,000)",SH.DYN.2024,6.8,6.8,6.8,6.8,6.9,7,7,7.1,7.2,7.3,7.4,7.6,7.8,8,8.3,8.6,9.1,9.6,9.9,9.9,9.5,9.1,8.7,8.4,8.3,8.3,8.5,8.7,10,9.1,9.1,9.1
Tunisia,TUN,"Probability of dying among youth ages 20-24 years (per 1,000)",SH.DYN.2024,5,5,4.9,4.9,4.8,4.8,4.7,4.6,4.5,4.4,4.3,4.2,4.1,4,3.9,3.8,3.7,3.6,3.6,3.5,3.5,3.5,3.5,3.6,3.7,3.8,4,4.2,4.3,4.5,4.5,4.5
Turkiye,TUR,"Probability of dying among youth ages 20-24 years (per 1,000)",SH.DYN.2024,6.9,6.7,6.4,6.2,5.9,5.7,5.5,5.2,5,5.8,4.5,4.3,4.1,3.8,3.6,3.4,3.2,3.1,2.9,2.8,2.8,2.7,2.6,2.6,2.6,2.6,3,2.5,2.4,2.3,2.2,2.1
Tuvalu,TUV,"Probability of dying among youth ages 20-24 years (per 1,000)",SH.DYN.2024,9,9,8.9,8.9,8.8,8.7,8.6,8.4,8.3,8.2,8.1,8,7.9,7.8,7.7,7.6,7.5,7.4,7.3,7.1,7,6.8,6.7,6.6,6.5,6.4,6.2,6.1,6,5.9,5.8,5.7
Tanzania,TZA,"Probability of dying among youth ages 20-24 years (per 1,000)",SH.DYN.2024,15.3,16.3,17.2,17.9,18.4,18.5,18.5,18.3,18,17.5,17,16.5,15.7,14.9,14,13.1,12.2,11.4,10.6,10.1,9.8,9.6,9.6,9.7,9.8,9.9,10,10,9.9,9.8,9.7,9.6
Uganda,UGA,"Probability of dying among youth ages 20-24 years (per 1,000)",SH.DYN.2024,29.9,31,31.9,32.5,32.8,32.7,32.2,31.4,30.3,29,27.5,25.9,24.3,22.7,21.2,19.8,18.6,17.5,16.6,15.9,15.4,15.1,14.8,14.7,14.6,14.6,14.6,14.5,14.4,14.3,14.1,14.1
Ukraine,UKR,"Probability of dying among youth ages 20-24 years (per 1,000)",SH.DYN.2024,7.2,7.4,7.7,8.1,8.6,8.8,8.6,8.3,8.3,8.5,8.7,8.7,8.4,8,7.6,7.4,7.4,7.4,7,6.3,5.8,5.4,5.2,5,5.5,4.6,4.3,4,3.8,3.7,3.7,3.9
Upper middle income,UMC,"Probability of dying among youth ages 20-24 years (per 1,000)",SH.DYN.2024,5.4,5.4,5.6,5.7,5.7,5.8,5.7,5.8,5.9,6,6,6,5.9,5.8,5.7,5.5,5.4,5.2,5.1,4.9,4.8,4.7,4.6,4.5,4.5,4.4,4.5,4.4,4.4,4.4,4.3,4.3
Uruguay,URY,"Probability of dying among youth ages 20-24 years (per 1,000)",SH.DYN.2024,4.3,4.4,4.5,4.6,4.8,5,5.1,5.1,5.1,5,4.8,4.5,4.3,4.2,4.1,4.1,4.2,4.4,4.6,4.8,5,5.1,5.2,5.1,5.1,5.1,5.2,5.3,5.4,5.5,5.6,5.7
United States,USA,"Probability of dying among youth ages 20-24 years (per 1,000)",SH.DYN.2024,5.5,5.5,5.5,5.4,5.4,5.3,5.1,4.9,4.8,4.7,4.7,4.7,4.7,4.8,4.8,4.9,4.9,4.8,4.7,4.5,4.3,4.2,4.2,4.2,4.3,4.5,4.6,4.7,4.7,4.8,5.2,5.6
Uzbekistan,UZB,"Probability of dying among youth ages 20-24 years (per 1,000)",SH.DYN.2024,6.8,6.9,7,7,7.1,7.1,7.2,7.3,7.4,7.3,7.1,6.8,6.4,5.9,5.5,5.1,4.9,4.7,4.6,4.5,4.4,4.3,4.3,4.3,4.3,4.3,4.3,4.2,4.1,3.9,3.8,3.8
St. Vincent and the Grenadines,VCT,"Probability of dying among youth ages 20-24 years (per 1,000)",SH.DYN.2024,5.1,5.4,5.7,6,6.2,6.4,6.5,6.6,6.7,6.7,6.7,6.6,6.6,6.5,6.5,6.5,6.5,6.5,6.5,6.6,6.6,6.7,6.8,7,7.1,7.3,7.5,7.7,7.8,7.9,7.8,7.8
"Venezuela, RB",VEN,"Probability of dying among youth ages 20-24 years (per 1,000)",SH.DYN.2024,7.1,7.7,8.2,8.5,8.7,8.6,8.3,8.2,8.5,9.2,10.3,11.6,12.7,13.3,13.4,13.5,13.7,14.1,14.3,14.4,14.5,14.5,14.8,15.2,15.7,16.1,16.1,16.3,16.3,16,16.1,16.2
British Virgin Islands,VGB,"Probability of dying among youth ages 20-24 years (per 1,000)",SH.DYN.2024,6.5,6.4,6.3,6.2,6.1,6.1,6,6,5.9,5.9,5.9,5.9,5.8,5.8,5.8,5.8,5.8,5.8,5.7,5.7,5.6,5.6,5.5,5.4,5.3,5.3,5.2,5.1,5,4.9,4.9,4.8
Virgin Islands (U.S.),VIR,"Probability of dying among youth ages 20-24 years (per 1,000)",SH.DYN.2024,,,,,,,,,,,,,,,,,,,,,,,,,,,,,,,,
Vietnam,VNM,"Probability of dying among youth ages 20-24 years (per 1,000)",SH.DYN.2024,6.7,6.5,6.4,6.2,6,5.9,5.7,5.6,5.5,5.3,5.2,5.2,5.1,5,4.9,4.8,4.7,4.6,4.5,4.4,4.3,4.2,4.1,4,3.9,3.8,3.7,3.7,3.6,3.5,3.5,3.4
Vanuatu,VUT,"Probability of dying among youth ages 20-24 years (per 1,000)",SH.DYN.2024,7.4,7.3,7.1,7,6.9,6.9,6.8,6.8,6.7,6.7,6.7,6.6,6.6,6.6,6.6,6.6,6.6,6.6,6.6,6.6,6.6,6.6,6.6,6.6,6.5,6.5,6.4,6.3,6.2,6.2,6.1,6
World,WLD,"Probability of dying among youth ages 20-24 years (per 1,000)",SH.DYN.2024,9.2,9,8.9,8.9,9.8,8.9,8.9,8.8,8.8,8.9,8.7,8.6,8.4,8.3,8.2,8,7.7,7.5,7.4,7.2,7,6.8,6.7,6.6,6.5,6.5,6.4,6.3,6.3,6.2,6.1,6.1
Samoa,WSM,"Probability of dying among youth ages 20-24 years (per 1,000)",SH.DYN.2024,17.2,16.1,15.2,14.4,13.5,12.7,12,11.4,10.7,10.1,9.5,9,8.6,8.1,7.7,7.3,7,6.6,6.2,8.4,5.6,5.3,5.1,4.9,4.7,4.6,4.5,4.3,4.2,4.1,4.1,4
Kosovo,XKX,"Probability of dying among youth ages 20-24 years (per 1,000)",SH.DYN.2024,8.1,7.9,7.7,7.5,7.3,7.2,7,6.8,6.6,6.4,6.2,6,5.8,5.6,5.5,5.3,5.1,5,4.8,4.7,4.6,4.5,4.3,4.2,4.1,4.1,4,3.9,3.8,3.7,3.6,3.6
"Yemen, Rep.",YEM,"Probability of dying among youth ages 20-24 years (per 1,000)",SH.DYN.2024,8,7.9,7.8,7.7,9.3,7.6,7.6,7.5,7.4,7.3,7.2,7.1,6.9,6.8,6.7,6.5,6.4,6.3,6.2,6.1,6,6.6,6.9,6.3,6.7,11.9,11.2,12,17.4,14.9,12.7,13.3
South Africa,ZAF,"Probability of dying among youth ages 20-24 years (per 1,000)",SH.DYN.2024,13.5,14.5,15.5,16.7,17.9,19.3,20.7,22.1,23.6,24.9,26.2,27.2,28,28.4,28.3,27.8,26.8,25.4,23.8,22.1,20.4,18.8,17.5,16.4,15.5,14.8,14.2,13.8,13.4,13.1,12.9,12.7
Zambia,ZMB,"Probability of dying among youth ages 20-24 years (per 1,000)",SH.DYN.2024,31,31.7,32.4,32.9,33.1,33.1,32.8,32.4,31.8,31,30.1,29.2,28.1,27.1,26,24.8,23.7,22.6,21.5,20.5,19.5,18.6,17.6,16.7,15.8,15,14.2,13.5,12.9,12.5,12.2,11.9
Zimbabwe,ZWE,"Probability of dying among youth ages 20-24 years (per 1,000)",SH.DYN.2024,14.5,15.5,16.7,18,19.2,20.5,21.6,22.6,23.4,24,24.4,24.5,24.3,24,23.4,22.8,22.1,21.4,20.7,19.9,19.2,18.5,17.9,17.3,16.8,16.4,15.9,15.6,15.3,15,14.8,14.6